CountryCode (WaterStress),CountryName (WaterStress)1,Year (WaterStress),Water Stress
KWT,Kuwait,1/1/2017,3850.5
KWT,Kuwait,1/1/2018,3850.5
KWT,Kuwait,1/1/2019,3850.5
KWT,Kuwait,1/1/2016,3575
KWT,Kuwait,1/1/2015,3399
KWT,Kuwait,1/1/2014,3297.153846154
KWT,Kuwait,1/1/2013,3195.307692308
KWT,Kuwait,1/1/2012,3093.461538461
KWT,Kuwait,1/1/2011,2991.615384615
KWT,Kuwait,1/1/2010,2889.769230769
ARE,United Arab Emirates,1/1/2010,1814.848484848
ARE,United Arab Emirates,1/1/2011,1804.484848485
ARE,United Arab Emirates,1/1/2012,1794.121212121
ARE,United Arab Emirates,1/1/2013,1783.757575758
ARE,United Arab Emirates,1/1/2014,1773.393939394
ARE,United Arab Emirates,1/1/2015,1763.030303030
ARE,United Arab Emirates,1/1/2016,1752.666666667
ARE,United Arab Emirates,1/1/2018,1714.666666667
ARE,United Arab Emirates,1/1/2017,1680
ARE,United Arab Emirates,1/1/2019,1672
SAU,Saudi Arabia,1/1/2018,974.166666667
SAU,Saudi Arabia,1/1/2019,974.166666667
SAU,Saudi Arabia,1/1/2017,955.958333333
SAU,Saudi Arabia,1/1/2015,948.875
SAU,Saudi Arabia,1/1/2016,929.583333333
SAU,Saudi Arabia,1/1/2010,914.513888889
SAU,Saudi Arabia,1/1/2011,907.309027778
SAU,Saudi Arabia,1/1/2012,900.104166667
SAU,Saudi Arabia,1/1/2014,894.708333333
SAU,Saudi Arabia,1/1/2013,894.239583333
LBY,Libya,1/1/2012,817.142857143
LBY,Libya,1/1/2013,817.142857143
LBY,Libya,1/1/2014,817.142857143
LBY,Libya,1/1/2015,817.142857143
LBY,Libya,1/1/2016,817.142857143
LBY,Libya,1/1/2017,817.142857143
LBY,Libya,1/1/2018,817.142857143
LBY,Libya,1/1/2019,817.142857143
LBY,Libya,1/1/2011,800.132653061
LBY,Libya,1/1/2010,783.122448980
QAT,Qatar,1/1/2014,434.655172414
QAT,Qatar,1/1/2016,432.413793103
QAT,Qatar,1/1/2013,431.379310345
QAT,Qatar,1/1/2015,431.034482759
QAT,Qatar,1/1/2017,431.034482759
QAT,Qatar,1/1/2018,431.034482759
QAT,Qatar,1/1/2019,431.034482759
QAT,Qatar,1/1/2012,424.224137931
QAT,Qatar,1/1/2011,417.068965517
QAT,Qatar,1/1/2010,409.913793103
SGP,Singapore,1/1/2010,219.91125
SGP,Singapore,1/1/2011,187.639
BHR,Bahrain,1/1/2010,173.079937304
YEM,"Yemen, Rep.",1/1/2010,169.761904762
YEM,"Yemen, Rep.",1/1/2011,169.761904762
YEM,"Yemen, Rep.",1/1/2012,169.761904762
YEM,"Yemen, Rep.",1/1/2013,169.761904762
YEM,"Yemen, Rep.",1/1/2014,169.761904762
YEM,"Yemen, Rep.",1/1/2015,169.761904762
YEM,"Yemen, Rep.",1/1/2016,169.761904762
YEM,"Yemen, Rep.",1/1/2017,169.761904762
YEM,"Yemen, Rep.",1/1/2018,169.761904762
YEM,"Yemen, Rep.",1/1/2019,169.761904762
UZB,Uzbekistan,1/1/2018,168.924577000
UZB,Uzbekistan,1/1/2019,168.924577000
UZB,Uzbekistan,1/1/2017,168.913105822
BHR,Bahrain,1/1/2011,168.409090909
BHR,Bahrain,1/1/2012,163.738244514
SGP,Singapore,1/1/2012,160.033416667
BHR,Bahrain,1/1/2013,159.067398119
UZB,Uzbekistan,1/1/2015,158.130197878
UZB,Uzbekistan,1/1/2016,156.438199025
BHR,Bahrain,1/1/2014,154.396551724
UZB,Uzbekistan,1/1/2014,144.708918841
UZB,Uzbekistan,1/1/2013,144.294681834
UZB,Uzbekistan,1/1/2012,143.880444827
TKM,Turkmenistan,1/1/2010,143.560020608
TKM,Turkmenistan,1/1/2011,143.560020608
TKM,Turkmenistan,1/1/2012,143.560020608
TKM,Turkmenistan,1/1/2013,143.560020608
TKM,Turkmenistan,1/1/2014,143.560020608
TKM,Turkmenistan,1/1/2015,143.560020608
TKM,Turkmenistan,1/1/2016,143.560020608
TKM,Turkmenistan,1/1/2017,143.560020608
TKM,Turkmenistan,1/1/2018,143.560020608
TKM,Turkmenistan,1/1/2019,143.560020608
UZB,Uzbekistan,1/1/2011,143.466207819
UZB,Uzbekistan,1/1/2010,143.051970812
EGY,"Egypt, Arab Rep.",1/1/2017,141.165755920
EGY,"Egypt, Arab Rep.",1/1/2018,141.165755920
EGY,"Egypt, Arab Rep.",1/1/2019,141.165755920
DZA,Algeria,1/1/2017,137.920360208
DZA,Algeria,1/1/2018,137.920360208
DZA,Algeria,1/1/2019,137.920360208
BHR,Bahrain,1/1/2015,137.155172414
EGY,"Egypt, Arab Rep.",1/1/2010,134.426229508
BHR,Bahrain,1/1/2016,133.706896552
BHR,Bahrain,1/1/2017,133.706896552
BHR,Bahrain,1/1/2018,133.706896552
BHR,Bahrain,1/1/2019,133.706896552
EGY,"Egypt, Arab Rep.",1/1/2013,132.969034608
SGP,Singapore,1/1/2013,132.427833333
EGY,"Egypt, Arab Rep.",1/1/2012,131.693989071
EGY,"Egypt, Arab Rep.",1/1/2011,130.510018215
DZA,Algeria,1/1/2016,129.871957225
DZA,Algeria,1/1/2015,125.988462080
SYR,Syrian Arab Republic,1/1/2010,125.161635052
SYR,Syrian Arab Republic,1/1/2011,124.760886989
SYR,Syrian Arab Republic,1/1/2012,124.360138926
SYR,Syrian Arab Republic,1/1/2013,124.360138926
SYR,Syrian Arab Republic,1/1/2014,124.360138926
SYR,Syrian Arab Republic,1/1/2015,124.360138926
SYR,Syrian Arab Republic,1/1/2016,124.360138926
SYR,Syrian Arab Republic,1/1/2017,124.360138926
SYR,Syrian Arab Republic,1/1/2018,124.360138926
SYR,Syrian Arab Republic,1/1/2019,124.360138926
PAK,Pakistan,1/1/2017,122.673455616
PAK,Pakistan,1/1/2016,122.550763757
PAK,Pakistan,1/1/2015,120.790135574
DZA,Algeria,1/1/2014,120.575957976
PAK,Pakistan,1/1/2014,119.544813202
PAK,Pakistan,1/1/2018,118.238144899
OMN,Oman,1/1/2013,116.714285714
OMN,Oman,1/1/2014,116.714285714
OMN,Oman,1/1/2015,116.714285714
OMN,Oman,1/1/2016,116.714285714
OMN,Oman,1/1/2017,116.714285714
OMN,Oman,1/1/2018,116.714285714
OMN,Oman,1/1/2019,116.714285714
ISR,Israel,1/1/2010,115.606936416
PAK,Pakistan,1/1/2012,115.256732716
DZA,Algeria,1/1/2013,115.163453872
PAK,Pakistan,1/1/2010,113.661738544
OMN,Oman,1/1/2012,113.514285714
PAK,Pakistan,1/1/2013,112.569780995
ISR,Israel,1/1/2011,112.259511690
EGY,"Egypt, Arab Rep.",1/1/2015,110.928961749
EGY,"Egypt, Arab Rep.",1/1/2014,110.564663024
EGY,"Egypt, Arab Rep.",1/1/2016,110.473588342
OMN,Oman,1/1/2011,110.314285714
PAK,Pakistan,1/1/2011,110.103674621
DZA,Algeria,1/1/2012,109.750949768
ISR,Israel,1/1/2012,108.912086964
PAK,Pakistan,1/1/2019,108.649776087
SGP,Singapore,1/1/2014,108.505583333
JOR,Jordan,1/1/2014,107.409458412
DZA,Algeria,1/1/2011,107.406227748
OMN,Oman,1/1/2010,107.114285714
ISR,Israel,1/1/2013,105.512897938
DZA,Algeria,1/1/2010,104.920799383
JOR,Jordan,1/1/2019,104.312769964
ISR,Israel,1/1/2017,103.614873609
ISR,Israel,1/1/2016,103.442325943
JOR,Jordan,1/1/2018,102.226160151
ISR,Israel,1/1/2014,102.148218445
JOR,Jordan,1/1/2017,100.443016945
ISR,Israel,1/1/2019,100.422741782
JOR,Jordan,1/1/2016,100.077527965
JOR,Jordan,1/1/2013,99.789566951
JOR,Jordan,1/1/2010,98.903533060
ISR,Israel,1/1/2015,98.869812786
JOR,Jordan,1/1/2015,96.156827999
TUN,Tunisia,1/1/2018,95.9987812
TUN,Tunisia,1/1/2019,95.9987812
ISR,Israel,1/1/2018,95.936502459
TUN,Tunisia,1/1/2016,94.609349212
JOR,Jordan,1/1/2012,94.030346661
TUN,Tunisia,1/1/2015,92.024477566
MLT,Malta,1/1/2013,91.287128713
MLT,Malta,1/1/2017,91.089108911
LKA,Sri Lanka,1/1/2010,90.785413745
LKA,Sri Lanka,1/1/2011,90.785413745
LKA,Sri Lanka,1/1/2012,90.785413745
LKA,Sri Lanka,1/1/2013,90.785413745
LKA,Sri Lanka,1/1/2014,90.785413745
LKA,Sri Lanka,1/1/2015,90.785413745
LKA,Sri Lanka,1/1/2016,90.785413745
LKA,Sri Lanka,1/1/2017,90.785413745
LKA,Sri Lanka,1/1/2018,90.785413745
LKA,Sri Lanka,1/1/2019,90.785413745
TUN,Tunisia,1/1/2017,89.531015921
TUN,Tunisia,1/1/2014,89.439605921
MLT,Malta,1/1/2014,89.108910891
JOR,Jordan,1/1/2011,88.160372134
BRB,Barbados,1/1/2010,87.5
BRB,Barbados,1/1/2011,87.5
BRB,Barbados,1/1/2012,87.5
BRB,Barbados,1/1/2013,87.5
BRB,Barbados,1/1/2014,87.5
BRB,Barbados,1/1/2015,87.5
BRB,Barbados,1/1/2016,87.5
BRB,Barbados,1/1/2017,87.5
BRB,Barbados,1/1/2018,87.5
BRB,Barbados,1/1/2019,87.5
TUN,Tunisia,1/1/2013,86.854734276
KOR,"Korea, Rep.",1/1/2010,85.221833041
KOR,"Korea, Rep.",1/1/2011,85.221833041
KOR,"Korea, Rep.",1/1/2012,85.221833041
KOR,"Korea, Rep.",1/1/2013,85.221833041
KOR,"Korea, Rep.",1/1/2014,85.221833041
KOR,"Korea, Rep.",1/1/2015,85.221833041
KOR,"Korea, Rep.",1/1/2016,85.221833041
KOR,"Korea, Rep.",1/1/2017,85.221833041
KOR,"Korea, Rep.",1/1/2018,85.221833041
KOR,"Korea, Rep.",1/1/2019,85.221833041
MLT,Malta,1/1/2018,85.148514851
SGP,Singapore,1/1/2016,84.966666667
SGP,Singapore,1/1/2015,84.583333333
TUN,Tunisia,1/1/2012,84.269862631
SGP,Singapore,1/1/2017,83.216666667
MLT,Malta,1/1/2016,82.970297030
MLT,Malta,1/1/2015,82.772277228
SGP,Singapore,1/1/2019,82.166666667
TUN,Tunisia,1/1/2011,81.684990986
SGP,Singapore,1/1/2018,81.383333333
IRN,"Iran, Islamic Rep.",1/1/2010,81.289081289
IRN,"Iran, Islamic Rep.",1/1/2011,81.289081289
IRN,"Iran, Islamic Rep.",1/1/2012,81.289081289
IRN,"Iran, Islamic Rep.",1/1/2013,81.289081289
IRN,"Iran, Islamic Rep.",1/1/2014,81.289081289
IRN,"Iran, Islamic Rep.",1/1/2015,81.289081289
IRN,"Iran, Islamic Rep.",1/1/2016,81.289081289
IRN,"Iran, Islamic Rep.",1/1/2017,81.289081289
IRN,"Iran, Islamic Rep.",1/1/2018,81.289081289
IRN,"Iran, Islamic Rep.",1/1/2019,81.289081289
MLT,Malta,1/1/2019,81.188118812
MLT,Malta,1/1/2010,80.990099010
IRQ,Iraq,1/1/2019,79.514044944
MLT,Malta,1/1/2012,79.405940594
TUN,Tunisia,1/1/2010,79.120432674
SWZ,Eswatini,1/1/2010,77.559912854
SWZ,Eswatini,1/1/2011,77.559912854
SWZ,Eswatini,1/1/2012,77.559912854
SWZ,Eswatini,1/1/2013,77.559912854
SWZ,Eswatini,1/1/2014,77.559912854
SWZ,Eswatini,1/1/2015,77.559912854
SWZ,Eswatini,1/1/2016,77.559912854
SWZ,Eswatini,1/1/2017,77.559912854
SWZ,Eswatini,1/1/2018,77.559912854
SWZ,Eswatini,1/1/2019,77.559912854
MLT,Malta,1/1/2011,75.445544555
BEL,Belgium,1/1/2010,73.132678133
TJK,Tajikistan,1/1/2010,71.581709695
TJK,Tajikistan,1/1/2011,71.013619504
TJK,Tajikistan,1/1/2012,70.445529314
TJK,Tajikistan,1/1/2019,69.943264283
TJK,Tajikistan,1/1/2013,69.877439123
TJK,Tajikistan,1/1/2014,69.309348932
TJK,Tajikistan,1/1/2015,68.741258741
IRQ,Iraq,1/1/2010,66.598154093
IND,India,1/1/2010,66.492092832
IND,India,1/1/2011,66.492092832
IND,India,1/1/2012,66.492092832
IND,India,1/1/2013,66.492092832
IND,India,1/1/2014,66.492092832
IND,India,1/1/2015,66.492092832
IND,India,1/1/2016,66.492092832
IND,India,1/1/2017,66.492092832
IND,India,1/1/2018,66.492092832
IND,India,1/1/2019,66.492092832
ARM,Armenia,1/1/2015,66.007665927
BEL,Belgium,1/1/2012,65.110565111
TJK,Tajikistan,1/1/2018,64.480802217
ARM,Armenia,1/1/2016,64.192051644
IRQ,Iraq,1/1/2011,63.989345907
ZAF,South Africa,1/1/2018,63.560678835
ZAF,South Africa,1/1/2019,63.560678835
BEL,Belgium,1/1/2011,62.432432432
ZAF,South Africa,1/1/2017,62.055715658
IRQ,Iraq,1/1/2012,61.373515249
ZAF,South Africa,1/1/2016,60.999039385
IRQ,Iraq,1/1/2017,60.481741573
ZAF,South Africa,1/1/2015,59.750240154
ARM,Armenia,1/1/2013,59.612668953
ARM,Armenia,1/1/2012,59.330240065
BEL,Belgium,1/1/2013,59.324324324
LBN,Lebanon,1/1/2015,58.792991564
LBN,Lebanon,1/1/2016,58.792991564
LBN,Lebanon,1/1/2017,58.792991564
LBN,Lebanon,1/1/2018,58.792991564
LBN,Lebanon,1/1/2019,58.792991564
IRQ,Iraq,1/1/2013,58.764707063
ARM,Armenia,1/1/2017,57.797054670
ARM,Armenia,1/1/2019,57.797054670
TJK,Tajikistan,1/1/2016,57.718696398
ARM,Armenia,1/1/2014,57.69618721
LBN,Lebanon,1/1/2014,56.469824789
IRQ,Iraq,1/1/2014,56.155898876
BEL,Belgium,1/1/2014,55.970515971
AZE,Azerbaijan,1/1/2019,55.597262089
AFG,Afghanistan,1/1/2010,54.757019438
AFG,Afghanistan,1/1/2011,54.757019438
AFG,Afghanistan,1/1/2012,54.757019438
AFG,Afghanistan,1/1/2013,54.757019438
AFG,Afghanistan,1/1/2014,54.757019438
AFG,Afghanistan,1/1/2015,54.757019438
AFG,Afghanistan,1/1/2016,54.757019438
AFG,Afghanistan,1/1/2017,54.757019438
AFG,Afghanistan,1/1/2018,54.757019438
AFG,Afghanistan,1/1/2019,54.757019438
ARM,Armenia,1/1/2018,54.750857373
LBN,Lebanon,1/1/2013,54.146658014
IRQ,Iraq,1/1/2016,54.087078652
BEL,Belgium,1/1/2018,54.065657850
BEL,Belgium,1/1/2019,54.065657850
BEL,Belgium,1/1/2017,53.956764742
AZE,Azerbaijan,1/1/2018,53.729300066
AZE,Azerbaijan,1/1/2017,53.521748730
AZE,Azerbaijan,1/1/2013,52.965334511
AZE,Azerbaijan,1/1/2012,52.881430779
ZAF,South Africa,1/1/2014,52.747358309
TJK,Tajikistan,1/1/2017,52.698245151
AZE,Azerbaijan,1/1/2016,52.453080150
LBN,Lebanon,1/1/2012,51.823491240
AZE,Azerbaijan,1/1/2015,51.618458821
BEL,Belgium,1/1/2016,51.511551904
AZE,Azerbaijan,1/1/2014,51.190108192
MAR,Morocco,1/1/2010,50.751212019
MAR,Morocco,1/1/2011,50.751212019
MAR,Morocco,1/1/2012,50.751212019
MAR,Morocco,1/1/2013,50.751212019
MAR,Morocco,1/1/2014,50.751212019
MAR,Morocco,1/1/2015,50.751212019
MAR,Morocco,1/1/2016,50.751212019
MAR,Morocco,1/1/2017,50.751212019
MAR,Morocco,1/1/2018,50.751212019
MAR,Morocco,1/1/2019,50.751212019
ESP,Spain,1/1/2012,50.102249489
KGZ,Kyrgyz Republic,1/1/2010,50.038955980
KGZ,Kyrgyz Republic,1/1/2011,50.038955980
KGZ,Kyrgyz Republic,1/1/2012,50.038955980
KGZ,Kyrgyz Republic,1/1/2013,50.038955980
KGZ,Kyrgyz Republic,1/1/2014,50.038955980
KGZ,Kyrgyz Republic,1/1/2015,50.038955980
KGZ,Kyrgyz Republic,1/1/2016,50.038955980
KGZ,Kyrgyz Republic,1/1/2017,50.038955980
KGZ,Kyrgyz Republic,1/1/2018,50.038955980
KGZ,Kyrgyz Republic,1/1/2019,50.038955980
AZE,Azerbaijan,1/1/2011,49.882976374
LBN,Lebanon,1/1/2011,49.500324465
ARM,Armenia,1/1/2011,49.182973573
BEL,Belgium,1/1/2015,49.066339066
IRQ,Iraq,1/1/2015,49.022471910
ZAF,South Africa,1/1/2012,48.950220449
AZE,Azerbaijan,1/1/2010,48.443364981
ZAF,South Africa,1/1/2011,48.268676568
ESP,Spain,1/1/2011,47.811860941
ESP,Spain,1/1/2010,47.730061350
ZAF,South Africa,1/1/2010,47.587132688
BGR,Bulgaria,1/1/2011,47.194914628
LBN,Lebanon,1/1/2010,47.177157690
IRQ,Iraq,1/1/2018,47.140449438
PSE,West Bank and Gaza,1/1/2019,47.011838539
ZAF,South Africa,1/1/2013,45.744476465
TUR,Turkiye,1/1/2019,45.705697096
TUR,Turkiye,1/1/2018,45.378875436
DEU,Germany,1/1/2010,45.216557018
ESP,Spain,1/1/2014,44.797546012
MEX,Mexico,1/1/2019,44.718429693
MEX,Mexico,1/1/2018,44.462684177
TUR,Turkiye,1/1/2016,44.276907079
ESP,Spain,1/1/2013,44.103612815
BGR,Bulgaria,1/1/2010,44.053514672
CHN,China,1/1/2013,44.025065366
CHN,China,1/1/2012,43.732928237
TUR,Turkiye,1/1/2017,43.667076432
CHN,China,1/1/2011,43.455397964
CHN,China,1/1/2014,43.338543112
CHN,China,1/1/2015,43.221688261
CHN,China,1/1/2016,43.221688261
CHN,China,1/1/2017,43.221688261
CHN,China,1/1/2018,43.221688261
CHN,China,1/1/2019,43.221688261
PSE,West Bank and Gaza,1/1/2013,43.132220796
ESP,Spain,1/1/2015,42.958418541
ARM,Armenia,1/1/2010,42.888844059
CHN,China,1/1/2010,42.858707878
PSE,West Bank and Gaza,1/1/2018,42.747111682
ESP,Spain,1/1/2016,42.564417178
BGR,Bulgaria,1/1/2012,42.239633380
BGR,Bulgaria,1/1/2016,42.050410230
BGR,Bulgaria,1/1/2017,41.821272821
PSE,West Bank and Gaza,1/1/2012,41.734417344
DEU,Germany,1/1/2011,41.716008772
BGR,Bulgaria,1/1/2015,41.609875083
PSE,West Bank and Gaza,1/1/2015,41.534731137
POL,Poland,1/1/2011,41.225337487
PSE,West Bank and Gaza,1/1/2017,41.078305520
ESP,Spain,1/1/2017,41.027948194
BGR,Bulgaria,1/1/2013,40.416882253
ESP,Spain,1/1/2018,40.175869121
ESP,Spain,1/1/2019,40.175869121
BGR,Bulgaria,1/1/2018,40.099046493
BGR,Bulgaria,1/1/2019,40.076871905
PSE,West Bank and Gaza,1/1/2016,40.022821281
TUR,Turkiye,1/1/2015,39.894525737
BGR,Bulgaria,1/1/2014,39.736861557
POL,Poland,1/1/2012,39.702319142
DOM,Dominican Republic,1/1/2010,39.553314121
DOM,Dominican Republic,1/1/2011,39.553314121
DOM,Dominican Republic,1/1/2012,39.553314121
DOM,Dominican Republic,1/1/2013,39.553314121
DOM,Dominican Republic,1/1/2014,39.553314121
DOM,Dominican Republic,1/1/2015,39.553314121
DOM,Dominican Republic,1/1/2016,39.553314121
DOM,Dominican Republic,1/1/2017,39.553314121
DOM,Dominican Republic,1/1/2018,39.553314121
DOM,Dominican Republic,1/1/2019,39.553314121
PSE,West Bank and Gaza,1/1/2014,39.152759949
POL,Poland,1/1/2013,38.906195915
PSE,West Bank and Gaza,1/1/2010,38.625017829
TUR,Turkiye,1/1/2014,38.602094630
DEU,Germany,1/1/2012,38.213633041
PSE,West Bank and Gaza,1/1/2011,38.068749109
TUR,Turkiye,1/1/2013,38.059867786
POL,Poland,1/1/2010,37.625475943
TUR,Turkiye,1/1/2012,37.517640942
JPN,Japan,1/1/2010,37.243481117
JPN,Japan,1/1/2011,37.143513957
JPN,Japan,1/1/2012,37.043546798
JPN,Japan,1/1/2013,36.943579639
JPN,Japan,1/1/2014,36.843612480
POL,Poland,1/1/2014,36.798200069
JPN,Japan,1/1/2015,36.743645320
JPN,Japan,1/1/2016,36.643678161
JPN,Japan,1/1/2017,36.459770115
JPN,Japan,1/1/2018,36.367816092
JPN,Japan,1/1/2019,36.367816092
TUR,Turkiye,1/1/2011,36.199212657
POL,Poland,1/1/2015,36.164762894
POL,Poland,1/1/2016,35.614399446
ZWE,Zimbabwe,1/1/2018,35.405369884
ZWE,Zimbabwe,1/1/2019,35.405369884
CYP,Cyprus,1/1/2012,34.896118097
POL,Poland,1/1/2017,34.890965732
TUR,Turkiye,1/1/2010,34.880784372
DEU,Germany,1/1/2013,34.712171053
DEU,Germany,1/1/2014,34.308753655
DEU,Germany,1/1/2015,33.905336257
DEU,Germany,1/1/2016,33.501918860
DEU,Germany,1/1/2017,33.501918860
DEU,Germany,1/1/2018,33.501918860
DEU,Germany,1/1/2019,33.501918860
KEN,Kenya,1/1/2016,33.239901072
KEN,Kenya,1/1/2017,33.239901072
KEN,Kenya,1/1/2018,33.239901072
KEN,Kenya,1/1/2019,33.239901072
POL,Poland,1/1/2018,33.222568363
KAZ,Kazakhstan,1/1/2010,33.023578363
MEX,Mexico,1/1/2017,32.949720167
ZWE,Zimbabwe,1/1/2010,32.901215734
ZWE,Zimbabwe,1/1/2011,32.696676680
KAZ,Kazakhstan,1/1/2018,32.651872399
KAZ,Kazakhstan,1/1/2019,32.651872399
ZWE,Zimbabwe,1/1/2012,32.488030417
MEX,Mexico,1/1/2016,32.475955407
ZWE,Zimbabwe,1/1/2013,32.282669921
ETH,Ethiopia,1/1/2016,32.262996942
ETH,Ethiopia,1/1/2017,32.257186544
ETH,Ethiopia,1/1/2018,32.257186544
ETH,Ethiopia,1/1/2019,32.257186544
MEX,Mexico,1/1/2015,32.131978934
ZWE,Zimbabwe,1/1/2014,32.077309425
KAZ,Kazakhstan,1/1/2014,32.011095700
ZWE,Zimbabwe,1/1/2016,31.937664288
ZWE,Zimbabwe,1/1/2015,31.871948930
MEX,Mexico,1/1/2014,31.858148154
CYP,Cyprus,1/1/2015,31.711317660
ETH,Ethiopia,1/1/2015,31.510175146
ZWE,Zimbabwe,1/1/2017,31.346226061
KAZ,Kazakhstan,1/1/2013,31.248266297
KAZ,Kazakhstan,1/1/2017,31.137309293
POL,Poland,1/1/2019,31.097192800
MEX,Mexico,1/1/2012,31.032904707
ETH,Ethiopia,1/1/2014,30.763163748
MEX,Mexico,1/1/2013,30.627785197
KAZ,Kazakhstan,1/1/2011,30.443828017
CYP,Cyprus,1/1/2011,30.180426463
KAZ,Kazakhstan,1/1/2015,30.041608877
ETH,Ethiopia,1/1/2013,30.016152349
ITA,Italy,1/1/2013,30.009428143
ITA,Italy,1/1/2014,30.004141334
KAZ,Kazakhstan,1/1/2016,30
ITA,Italy,1/1/2015,29.998854525
ITA,Italy,1/1/2016,29.998854525
ITA,Italy,1/1/2017,29.998854525
ITA,Italy,1/1/2018,29.998854525
ITA,Italy,1/1/2019,29.998854525
ITA,Italy,1/1/2012,29.944901957
MEX,Mexico,1/1/2010,29.870061668
ITA,Italy,1/1/2011,29.845130374
MEX,Mexico,1/1/2011,29.813795069
CYP,Cyprus,1/1/2016,29.797703663
ITA,Italy,1/1/2010,29.745358791
DNK,Denmark,1/1/2018,29.731665765
CZE,Czechia,1/1/2019,29.698905110
IDN,Indonesia,1/1/2016,29.696545285
IDN,Indonesia,1/1/2017,29.696545285
IDN,Indonesia,1/1/2018,29.696545285
IDN,Indonesia,1/1/2019,29.696545285
CZE,Czechia,1/1/2010,29.668491484
KAZ,Kazakhstan,1/1/2012,29.667128987
CYP,Cyprus,1/1/2014,29.661016949
CYP,Cyprus,1/1/2017,29.524330235
ETH,Ethiopia,1/1/2012,29.269140951
IDN,Indonesia,1/1/2015,28.784805589
CZE,Czechia,1/1/2011,28.695255475
ETH,Ethiopia,1/1/2011,28.522129552
CYP,Cyprus,1/1/2018,28.294149809
TLS,Timor-Leste,1/1/2010,28.268210323
TLS,Timor-Leste,1/1/2011,28.268210323
TLS,Timor-Leste,1/1/2012,28.268210323
TLS,Timor-Leste,1/1/2013,28.268210323
TLS,Timor-Leste,1/1/2014,28.268210323
TLS,Timor-Leste,1/1/2015,28.268210323
TLS,Timor-Leste,1/1/2016,28.268210323
TLS,Timor-Leste,1/1/2017,28.268210323
TLS,Timor-Leste,1/1/2018,28.268210323
TLS,Timor-Leste,1/1/2019,28.268210323
CYP,Cyprus,1/1/2013,28.266812466
PHL,Philippines,1/1/2018,28.174200792
USA,United States,1/1/2015,28.161984270
USA,United States,1/1/2016,28.161984270
USA,United States,1/1/2017,28.161984270
USA,United States,1/1/2018,28.161984270
USA,United States,1/1/2019,28.161984270
PHL,Philippines,1/1/2017,28.062146133
CZE,Czechia,1/1/2012,27.986618005
IDN,Indonesia,1/1/2014,27.873065893
USA,United States,1/1/2014,27.837572207
ETH,Ethiopia,1/1/2010,27.775118154
PRK,"Korea, Dem. People's Rep.",1/1/2010,27.740467799
PRK,"Korea, Dem. People's Rep.",1/1/2011,27.740467799
PRK,"Korea, Dem. People's Rep.",1/1/2012,27.740467799
PRK,"Korea, Dem. People's Rep.",1/1/2013,27.740467799
PRK,"Korea, Dem. People's Rep.",1/1/2014,27.740467799
PRK,"Korea, Dem. People's Rep.",1/1/2015,27.740467799
PRK,"Korea, Dem. People's Rep.",1/1/2016,27.740467799
PRK,"Korea, Dem. People's Rep.",1/1/2017,27.740467799
PRK,"Korea, Dem. People's Rep.",1/1/2018,27.740467799
PRK,"Korea, Dem. People's Rep.",1/1/2019,27.740467799
CYP,Cyprus,1/1/2019,27.610716238
USA,United States,1/1/2013,27.513160143
CYP,Cyprus,1/1/2010,27.460360853
DNK,Denmark,1/1/2013,27.285018929
USA,United States,1/1/2012,27.188748081
IDN,Indonesia,1/1/2013,26.961326197
USA,United States,1/1/2011,26.864336017
DNK,Denmark,1/1/2014,26.749594375
PHL,Philippines,1/1/2016,26.630999694
KEN,Kenya,1/1/2015,26.545754328
KEN,Kenya,1/1/2014,26.542456719
KEN,Kenya,1/1/2013,26.539159110
KEN,Kenya,1/1/2012,26.535861500
USA,United States,1/1/2010,26.533586819
KEN,Kenya,1/1/2011,26.532563891
KEN,Kenya,1/1/2010,26.529266282
PHL,Philippines,1/1/2015,26.413940691
FRA,France,1/1/2011,26.390615425
PHL,Philippines,1/1/2019,26.251038533
IDN,Indonesia,1/1/2012,26.049586501
PHL,Philippines,1/1/2013,25.816875573
PHL,Philippines,1/1/2014,25.812289820
PHL,Philippines,1/1/2012,25.756037909
PHL,Philippines,1/1/2011,25.698257414
PHL,Philippines,1/1/2010,25.457963925
MKD,North Macedonia,1/1/2016,25.266214908
MKD,North Macedonia,1/1/2017,25.266214908
MKD,North Macedonia,1/1/2018,25.266214908
MKD,North Macedonia,1/1/2019,25.266214908
IDN,Indonesia,1/1/2011,25.137846805
CZE,Czechia,1/1/2013,25.095802920
CZE,Czechia,1/1/2014,25.091240876
FRA,France,1/1/2010,25.017946249
DNK,Denmark,1/1/2019,24.941157382
CZE,Czechia,1/1/2016,24.860097324
CZE,Czechia,1/1/2017,24.787104623
FRA,France,1/1/2015,24.613499081
FRA,France,1/1/2012,24.567101462
SOM,Somalia,1/1/2010,24.527740592
SOM,Somalia,1/1/2011,24.527740592
SOM,Somalia,1/1/2012,24.527740592
SOM,Somalia,1/1/2013,24.527740592
SOM,Somalia,1/1/2014,24.527740592
SOM,Somalia,1/1/2015,24.527740592
SOM,Somalia,1/1/2016,24.527740592
SOM,Somalia,1/1/2017,24.527740592
SOM,Somalia,1/1/2018,24.527740592
SOM,Somalia,1/1/2019,24.527740592
CZE,Czechia,1/1/2015,24.330900243
IDN,Indonesia,1/1/2010,24.226107109
DNK,Denmark,1/1/2017,24.223850730
CZE,Czechia,1/1/2018,24.194038929
DNK,Denmark,1/1/2016,23.985803137
CUB,Cuba,1/1/2013,23.939446069
CUB,Cuba,1/1/2014,23.939446069
CUB,Cuba,1/1/2015,23.939446069
CUB,Cuba,1/1/2016,23.939446069
CUB,Cuba,1/1/2017,23.939446069
CUB,Cuba,1/1/2018,23.939446069
CUB,Cuba,1/1/2019,23.939446069
FRA,France,1/1/2014,23.896524556
FRA,France,1/1/2013,23.773964808
FRA,France,1/1/2017,23.589249759
FRA,France,1/1/2018,23.505208789
FRA,France,1/1/2019,23.505208789
DNK,Denmark,1/1/2011,23.409951325
MUS,Mauritius,1/1/2010,23.155216285
FRA,France,1/1/2016,23.142782106
THA,Thailand,1/1/2010,23.013935183
THA,Thailand,1/1/2011,23.013935183
THA,Thailand,1/1/2012,23.013935183
THA,Thailand,1/1/2013,23.013935183
THA,Thailand,1/1/2014,23.013935183
THA,Thailand,1/1/2015,23.013935183
THA,Thailand,1/1/2016,23.013935183
THA,Thailand,1/1/2017,23.013935183
THA,Thailand,1/1/2018,23.013935183
THA,Thailand,1/1/2019,23.013935183
CUB,Cuba,1/1/2012,22.863868341
PRI,Puerto Rico,1/1/2010,22.705961152
MUS,Mauritius,1/1/2014,22.537259179
MUS,Mauritius,1/1/2016,22.537259179
MUS,Mauritius,1/1/2015,22.246455834
MUS,Mauritius,1/1/2017,22.173754998
MUS,Mauritius,1/1/2013,22.101054162
PRI,Puerto Rico,1/1/2011,22.066532708
MKD,North Macedonia,1/1/2010,21.999031946
DNK,Denmark,1/1/2015,21.952406706
DNK,Denmark,1/1/2010,21.873985938
CUB,Cuba,1/1/2011,21.786226274
MUS,Mauritius,1/1/2019,21.628498728
CHL,Chile,1/1/2015,21.619260463
CHL,Chile,1/1/2016,21.619260463
CHL,Chile,1/1/2017,21.619260463
CHL,Chile,1/1/2018,21.619260463
CHL,Chile,1/1/2019,21.619260463
MUS,Mauritius,1/1/2018,21.483097056
PRI,Puerto Rico,1/1/2012,21.437820942
MUS,Mauritius,1/1/2012,21.155943293
MKD,North Macedonia,1/1/2015,20.834946757
PRI,Puerto Rico,1/1/2013,20.803750837
MUS,Mauritius,1/1/2011,20.756088695
NLD,Netherlands,1/1/2010,20.751851149
CUB,Cuba,1/1/2010,20.708584208
GRC,Greece,1/1/2016,20.505765729
GRC,Greece,1/1/2017,20.501719603
GRC,Greece,1/1/2018,20.477442849
GRC,Greece,1/1/2019,20.463281408
NLD,Netherlands,1/1/2012,20.353142206
TTO,Trinidad and Tobago,1/1/2011,20.326481258
TTO,Trinidad and Tobago,1/1/2012,20.326481258
TTO,Trinidad and Tobago,1/1/2013,20.326481258
TTO,Trinidad and Tobago,1/1/2014,20.326481258
TTO,Trinidad and Tobago,1/1/2015,20.326481258
TTO,Trinidad and Tobago,1/1/2016,20.326481258
TTO,Trinidad and Tobago,1/1/2017,20.326481258
TTO,Trinidad and Tobago,1/1/2018,20.326481258
TTO,Trinidad and Tobago,1/1/2019,20.326481258
EST,Estonia,1/1/2011,20.281385281
CHL,Chile,1/1/2014,20.215133866
NLD,Netherlands,1/1/2013,20.201253085
RWA,Rwanda,1/1/2019,20.198675497
PRI,Puerto Rico,1/1/2014,20.169680732
GRC,Greece,1/1/2011,20.099130083
GRC,Greece,1/1/2012,20.099130083
GRC,Greece,1/1/2013,20.078899454
GRC,Greece,1/1/2014,20.060691887
TTO,Trinidad and Tobago,1/1/2010,20.052398226
GRC,Greece,1/1/2015,20.044507384
IRL,Ireland,1/1/2018,20.042134832
IRL,Ireland,1/1/2019,20.042134832
GRC,Greece,1/1/2010,19.938144851
EST,Estonia,1/1/2010,19.935064935
DNK,Denmark,1/1/2012,19.699837750
PRI,Puerto Rico,1/1/2015,19.535610627
PRI,Puerto Rico,1/1/2016,19.535610627
PRI,Puerto Rico,1/1/2017,19.535610627
PRI,Puerto Rico,1/1/2018,19.535610627
PRI,Puerto Rico,1/1/2019,19.535610627
NLD,Netherlands,1/1/2011,19.34687678
EST,Estonia,1/1/2017,19.317099567
UKR,Ukraine,1/1/2010,19.240735942
RWA,Rwanda,1/1/2018,19.043979983
EST,Estonia,1/1/2016,18.954545454
EST,Estonia,1/1/2013,18.917748918
CHL,Chile,1/1/2013,18.811007269
MKD,North Macedonia,1/1/2011,18.656824782
EST,Estonia,1/1/2014,18.614718615
RWA,Rwanda,1/1/2017,18.220410297
VNM,Vietnam,1/1/2010,18.130315379
VNM,Vietnam,1/1/2011,18.130315379
VNM,Vietnam,1/1/2012,18.130315379
VNM,Vietnam,1/1/2013,18.130315379
VNM,Vietnam,1/1/2014,18.130315379
VNM,Vietnam,1/1/2015,18.130315379
VNM,Vietnam,1/1/2016,18.130315379
VNM,Vietnam,1/1/2017,18.130315379
VNM,Vietnam,1/1/2018,18.130315379
VNM,Vietnam,1/1/2019,18.130315379
NLD,Netherlands,1/1/2014,18.017846972
PRT,Portugal,1/1/2010,17.974415645
UKR,Ukraine,1/1/2011,17.960935476
PRT,Portugal,1/1/2011,17.840376845
PRT,Portugal,1/1/2012,17.706338044
EST,Estonia,1/1/2012,17.651515151
PRT,Portugal,1/1/2013,17.572299243
MWI,Malawi,1/1/2010,17.504838085
MWI,Malawi,1/1/2011,17.504838085
MWI,Malawi,1/1/2012,17.504838085
MWI,Malawi,1/1/2013,17.504838085
MWI,Malawi,1/1/2014,17.504838085
MWI,Malawi,1/1/2015,17.504838085
MWI,Malawi,1/1/2016,17.504838085
MWI,Malawi,1/1/2017,17.504838085
MWI,Malawi,1/1/2018,17.504838085
MWI,Malawi,1/1/2019,17.504838085
EST,Estonia,1/1/2015,17.482063204
PRT,Portugal,1/1/2014,17.438260442
EST,Estonia,1/1/2018,17.408441558
CHL,Chile,1/1/2012,17.406880672
RWA,Rwanda,1/1/2016,17.396840612
PRT,Portugal,1/1/2015,17.304221642
PRT,Portugal,1/1/2016,17.170182841
NLD,Netherlands,1/1/2019,17.000606919
UKR,Ukraine,1/1/2012,16.681135009
RWA,Rwanda,1/1/2015,16.573270926
MKD,North Macedonia,1/1/2014,16.403678606
NLD,Netherlands,1/1/2018,16.384179648
SEN,Senegal,1/1/2019,16.276448698
SEN,Senegal,1/1/2018,16.086124402
CHL,Chile,1/1/2011,16.002754075
NLD,Netherlands,1/1/2015,15.969242453
RWA,Rwanda,1/1/2014,15.749701240
MDV,Maldives,1/1/2011,15.666666667
MDV,Maldives,1/1/2012,15.666666667
MDV,Maldives,1/1/2013,15.666666667
MDV,Maldives,1/1/2014,15.666666667
MDV,Maldives,1/1/2015,15.666666667
MDV,Maldives,1/1/2016,15.666666667
MDV,Maldives,1/1/2017,15.666666667
MDV,Maldives,1/1/2018,15.666666667
MDV,Maldives,1/1/2019,15.666666667
UKR,Ukraine,1/1/2013,15.401334543
MKD,North Macedonia,1/1/2012,15.314617619
NLD,Netherlands,1/1/2016,15.233339662
NLD,Netherlands,1/1/2017,15.02980824
RWA,Rwanda,1/1/2013,14.926131554
CHL,Chile,1/1/2010,14.598627477
GBR,United Kingdom,1/1/2016,14.354646206
GBR,United Kingdom,1/1/2017,14.354646206
GBR,United Kingdom,1/1/2018,14.354646206
GBR,United Kingdom,1/1/2019,14.354646206
JAM,Jamaica,1/1/2014,14.321352675
LCA,St. Lucia,1/1/2010,14.3
LCA,St. Lucia,1/1/2011,14.3
LCA,St. Lucia,1/1/2012,14.3
LCA,St. Lucia,1/1/2013,14.3
LCA,St. Lucia,1/1/2014,14.3
LCA,St. Lucia,1/1/2015,14.3
LCA,St. Lucia,1/1/2016,14.3
LCA,St. Lucia,1/1/2017,14.3
LCA,St. Lucia,1/1/2018,14.3
LCA,St. Lucia,1/1/2019,14.3
UKR,Ukraine,1/1/2014,14.121534076
RWA,Rwanda,1/1/2012,14.102561868
GBR,United Kingdom,1/1/2010,14.090366581
JAM,Jamaica,1/1/2013,14.047465055
GBR,United Kingdom,1/1/2015,13.913043478
UKR,Ukraine,1/1/2017,13.870173620
UKR,Ukraine,1/1/2018,13.870173620
JAM,Jamaica,1/1/2012,13.773577434
UKR,Ukraine,1/1/2019,13.728945323
GBR,United Kingdom,1/1/2012,13.669224211
JAM,Jamaica,1/1/2011,13.499689814
HTI,Haiti,1/1/2010,13.383791767
HTI,Haiti,1/1/2011,13.383791767
HTI,Haiti,1/1/2012,13.383791767
HTI,Haiti,1/1/2013,13.383791767
HTI,Haiti,1/1/2014,13.383791767
HTI,Haiti,1/1/2015,13.383791767
HTI,Haiti,1/1/2016,13.383791767
HTI,Haiti,1/1/2017,13.383791767
HTI,Haiti,1/1/2018,13.383791767
HTI,Haiti,1/1/2019,13.383791767
RWA,Rwanda,1/1/2011,13.278992182
MRT,Mauritania,1/1/2010,13.246217332
MRT,Mauritania,1/1/2011,13.246217332
MRT,Mauritania,1/1/2012,13.246217332
MRT,Mauritania,1/1/2013,13.246217332
MRT,Mauritania,1/1/2014,13.246217332
MRT,Mauritania,1/1/2015,13.246217332
MRT,Mauritania,1/1/2016,13.246217332
MRT,Mauritania,1/1/2017,13.246217332
MRT,Mauritania,1/1/2018,13.246217332
MRT,Mauritania,1/1/2019,13.246217332
JAM,Jamaica,1/1/2010,13.225802194
SEN,Senegal,1/1/2017,13.155802871
GBR,United Kingdom,1/1/2011,13.103154305
SEN,Senegal,1/1/2016,13.075988323
GBR,United Kingdom,1/1/2013,13.045183291
SEN,Senegal,1/1/2015,12.985366540
TZA,Tanzania,1/1/2010,12.963240810
TZA,Tanzania,1/1/2011,12.963240810
TZA,Tanzania,1/1/2012,12.963240810
TZA,Tanzania,1/1/2013,12.963240810
TZA,Tanzania,1/1/2014,12.963240810
TZA,Tanzania,1/1/2015,12.963240810
TZA,Tanzania,1/1/2016,12.963240810
TZA,Tanzania,1/1/2017,12.963240810
TZA,Tanzania,1/1/2018,12.963240810
TZA,Tanzania,1/1/2019,12.963240810
SEN,Senegal,1/1/2014,12.894744757
SEN,Senegal,1/1/2013,12.804122974
SEN,Senegal,1/1/2012,12.713501191
MDA,Moldova,1/1/2010,12.637362637
SEN,Senegal,1/1/2011,12.622879408
MDA,Moldova,1/1/2012,12.622512623
MDA,Moldova,1/1/2011,12.577962578
SEN,Senegal,1/1/2010,12.532257625
MDA,Moldova,1/1/2016,12.518562519
MDA,Moldova,1/1/2015,12.474012474
MDA,Moldova,1/1/2017,12.474012474
JAM,Jamaica,1/1/2016,12.473436201
JAM,Jamaica,1/1/2017,12.473436201
JAM,Jamaica,1/1/2018,12.473436201
JAM,Jamaica,1/1/2019,12.473436201
MDA,Moldova,1/1/2013,12.459162459
MDA,Moldova,1/1/2019,12.459162459
RWA,Rwanda,1/1/2010,12.455422497
MDA,Moldova,1/1/2014,12.429462429
MDA,Moldova,1/1/2018,12.429462429
GBR,United Kingdom,1/1/2014,12.42114237
PRT,Portugal,1/1/2017,12.379887482
PRT,Portugal,1/1/2018,12.315712276
PRT,Portugal,1/1/2019,12.315712276
UKR,Ukraine,1/1/2016,12.082145634
MKD,North Macedonia,1/1/2013,11.972410455
UKR,Ukraine,1/1/2015,11.802280383
FIN,Finland,1/1/2010,11.518140858
MDG,Madagascar,1/1/2010,11.261506276
MDG,Madagascar,1/1/2011,11.261506276
MDG,Madagascar,1/1/2012,11.261506276
MDG,Madagascar,1/1/2013,11.261506276
MDG,Madagascar,1/1/2014,11.261506276
MDG,Madagascar,1/1/2015,11.261506276
MDG,Madagascar,1/1/2016,11.261506276
MDG,Madagascar,1/1/2017,11.261506276
MDG,Madagascar,1/1/2018,11.261506276
MDG,Madagascar,1/1/2019,11.261506276
ERI,Eritrea,1/1/2010,11.175115207
ERI,Eritrea,1/1/2011,11.175115207
ERI,Eritrea,1/1/2012,11.175115207
ERI,Eritrea,1/1/2013,11.175115207
ERI,Eritrea,1/1/2014,11.175115207
ERI,Eritrea,1/1/2015,11.175115207
ERI,Eritrea,1/1/2016,11.175115207
ERI,Eritrea,1/1/2017,11.175115207
ERI,Eritrea,1/1/2018,11.175115207
ERI,Eritrea,1/1/2019,11.175115207
NER,Niger,1/1/2019,11.020937713
EST,Estonia,1/1/2019,10.892316017
FIN,Finland,1/1/2011,10.507469765
ARG,Argentina,1/1/2011,10.456664077
ARG,Argentina,1/1/2012,10.456664077
ARG,Argentina,1/1/2013,10.456664077
ARG,Argentina,1/1/2014,10.456664077
ARG,Argentina,1/1/2015,10.456664077
ARG,Argentina,1/1/2016,10.456664077
ARG,Argentina,1/1/2017,10.456664077
ARG,Argentina,1/1/2018,10.456664077
ARG,Argentina,1/1/2019,10.456664077
NER,Niger,1/1/2018,10.373340444
ARG,Argentina,1/1/2010,10.271529873
BDI,Burundi,1/1/2010,10.19286754
BDI,Burundi,1/1/2011,10.19286754
BDI,Burundi,1/1/2012,10.19286754
BDI,Burundi,1/1/2013,10.19286754
BDI,Burundi,1/1/2014,10.19286754
BDI,Burundi,1/1/2015,10.19286754
BDI,Burundi,1/1/2016,10.19286754
BDI,Burundi,1/1/2017,10.19286754
BDI,Burundi,1/1/2018,10.19286754
BDI,Burundi,1/1/2019,10.19286754
DMA,Dominica,1/1/2010,10
DMA,Dominica,1/1/2011,10
DMA,Dominica,1/1/2012,10
DMA,Dominica,1/1/2013,10
DMA,Dominica,1/1/2014,10
DMA,Dominica,1/1/2015,10
DMA,Dominica,1/1/2016,10
DMA,Dominica,1/1/2017,10
DMA,Dominica,1/1/2018,10
DMA,Dominica,1/1/2019,10
URY,Uruguay,1/1/2010,9.786096257
URY,Uruguay,1/1/2011,9.786096257
URY,Uruguay,1/1/2012,9.786096257
URY,Uruguay,1/1/2013,9.786096257
URY,Uruguay,1/1/2014,9.786096257
URY,Uruguay,1/1/2015,9.786096257
URY,Uruguay,1/1/2016,9.786096257
URY,Uruguay,1/1/2017,9.786096257
URY,Uruguay,1/1/2018,9.786096257
URY,Uruguay,1/1/2019,9.786096257
NGA,Nigeria,1/1/2010,9.668217054
NGA,Nigeria,1/1/2011,9.668217054
NGA,Nigeria,1/1/2012,9.668217054
NGA,Nigeria,1/1/2013,9.668217054
NGA,Nigeria,1/1/2014,9.668217054
NGA,Nigeria,1/1/2015,9.668217054
NGA,Nigeria,1/1/2016,9.668217054
NGA,Nigeria,1/1/2017,9.668217054
NGA,Nigeria,1/1/2018,9.668217054
NGA,Nigeria,1/1/2019,9.668217054
AUT,Austria,1/1/2010,9.643547941
AUT,Austria,1/1/2011,9.643547941
AUT,Austria,1/1/2012,9.643547941
AUT,Austria,1/1/2013,9.643547941
AUT,Austria,1/1/2014,9.643547941
AUT,Austria,1/1/2015,9.643547941
AUT,Austria,1/1/2016,9.643547941
AUT,Austria,1/1/2017,9.643547941
AUT,Austria,1/1/2018,9.643547941
AUT,Austria,1/1/2019,9.643547941
FIN,Finland,1/1/2012,9.496798672
HUN,Hungary,1/1/2010,9.274611399
HUN,Hungary,1/1/2013,9.067357513
HUN,Hungary,1/1/2011,9.02417962
ATG,Antigua and Barbuda,1/1/2010,8.846153846
HUN,Hungary,1/1/2012,8.723661485
ATG,Antigua and Barbuda,1/1/2011,8.653846154
VCT,St. Vincent and the Grenadines,1/1/2010,8.5
HUN,Hungary,1/1/2018,8.494752155
FIN,Finland,1/1/2013,8.486127579
ATG,Antigua and Barbuda,1/1/2012,8.461538461
ATG,Antigua and Barbuda,1/1/2013,8.461538461
ATG,Antigua and Barbuda,1/1/2014,8.461538461
ATG,Antigua and Barbuda,1/1/2015,8.461538461
ATG,Antigua and Barbuda,1/1/2016,8.461538461
ATG,Antigua and Barbuda,1/1/2017,8.461538461
ATG,Antigua and Barbuda,1/1/2018,8.461538461
ATG,Antigua and Barbuda,1/1/2019,8.461538461
CPV,Cabo Verde,1/1/2010,8.433333333
CPV,Cabo Verde,1/1/2011,8.433333333
CPV,Cabo Verde,1/1/2012,8.433333333
CPV,Cabo Verde,1/1/2013,8.433333333
CPV,Cabo Verde,1/1/2014,8.433333333
CPV,Cabo Verde,1/1/2015,8.433333333
CPV,Cabo Verde,1/1/2016,8.433333333
CPV,Cabo Verde,1/1/2017,8.433333333
CPV,Cabo Verde,1/1/2018,8.433333333
CPV,Cabo Verde,1/1/2019,8.433333333
NPL,Nepal,1/1/2010,8.311832662
NPL,Nepal,1/1/2011,8.311832662
NPL,Nepal,1/1/2012,8.311832662
NPL,Nepal,1/1/2013,8.311832662
NPL,Nepal,1/1/2014,8.311832662
NPL,Nepal,1/1/2015,8.311832662
NPL,Nepal,1/1/2016,8.311832662
NPL,Nepal,1/1/2017,8.311832662
NPL,Nepal,1/1/2018,8.311832662
NPL,Nepal,1/1/2019,8.311832662
VCT,St. Vincent and the Grenadines,1/1/2011,8.3
HUN,Hungary,1/1/2017,8.180518135
VCT,St. Vincent and the Grenadines,1/1/2012,8.1
NZL,New Zealand,1/1/2014,8.048084760
NZL,New Zealand,1/1/2015,8.048084760
NZL,New Zealand,1/1/2016,8.048084760
NZL,New Zealand,1/1/2017,8.048084760
NZL,New Zealand,1/1/2018,8.048084760
NZL,New Zealand,1/1/2019,8.048084760
CHE,Switzerland,1/1/2010,8.036613272
MLI,Mali,1/1/2010,8.003086420
MLI,Mali,1/1/2011,8.003086420
MLI,Mali,1/1/2012,8.003086420
MLI,Mali,1/1/2013,8.003086420
MLI,Mali,1/1/2014,8.003086420
MLI,Mali,1/1/2015,8.003086420
MLI,Mali,1/1/2016,8.003086420
MLI,Mali,1/1/2017,8.003086420
MLI,Mali,1/1/2018,8.003086420
MLI,Mali,1/1/2019,8.003086420
VCT,St. Vincent and the Grenadines,1/1/2013,7.9
VCT,St. Vincent and the Grenadines,1/1/2014,7.9
VCT,St. Vincent and the Grenadines,1/1/2015,7.9
VCT,St. Vincent and the Grenadines,1/1/2016,7.9
VCT,St. Vincent and the Grenadines,1/1/2017,7.9
VCT,St. Vincent and the Grenadines,1/1/2018,7.9
VCT,St. Vincent and the Grenadines,1/1/2019,7.9
CHE,Switzerland,1/1/2011,7.840770404
BFA,Burkina Faso,1/1/2010,7.820267686
BFA,Burkina Faso,1/1/2011,7.820267686
BFA,Burkina Faso,1/1/2012,7.820267686
BFA,Burkina Faso,1/1/2013,7.820267686
BFA,Burkina Faso,1/1/2014,7.820267686
BFA,Burkina Faso,1/1/2015,7.820267686
BFA,Burkina Faso,1/1/2016,7.820267686
BFA,Burkina Faso,1/1/2017,7.820267686
BFA,Burkina Faso,1/1/2018,7.820267686
BFA,Burkina Faso,1/1/2019,7.820267686
SVN,Slovenia,1/1/2013,7.813387424
HUN,Hungary,1/1/2019,7.708246977
AUS,Australia,1/1/2013,7.699236027
JAM,Jamaica,1/1/2015,7.668853368
CHE,Switzerland,1/1/2012,7.627765065
VEN,"Venezuela, RB",1/1/2010,7.540366667
VEN,"Venezuela, RB",1/1/2011,7.540366667
VEN,"Venezuela, RB",1/1/2012,7.540366667
VEN,"Venezuela, RB",1/1/2013,7.540366667
VEN,"Venezuela, RB",1/1/2014,7.540366667
VEN,"Venezuela, RB",1/1/2015,7.540366667
VEN,"Venezuela, RB",1/1/2016,7.540366667
VEN,"Venezuela, RB",1/1/2017,7.540366667
VEN,"Venezuela, RB",1/1/2018,7.540366667
VEN,"Venezuela, RB",1/1/2019,7.540366667
FIN,Finland,1/1/2014,7.475456486
LTU,Lithuania,1/1/2010,7.467916366
NER,Niger,1/1/2016,7.453924915
AUS,Australia,1/1/2014,7.423803780
NER,Niger,1/1/2015,7.344283276
PER,Peru,1/1/2019,7.181445604
SLV,El Salvador,1/1/2010,7.155992237
FIN,Finland,1/1/2019,7.114062129
NZL,New Zealand,1/1/2013,7.095762021
ALB,Albania,1/1/2010,7.053485577
GRD,Grenada,1/1/2014,7.05
GRD,Grenada,1/1/2015,7.05
GRD,Grenada,1/1/2016,7.05
GRD,Grenada,1/1/2017,7.05
GRD,Grenada,1/1/2018,7.05
GRD,Grenada,1/1/2019,7.05
HUN,Hungary,1/1/2015,6.960276338
PER,Peru,1/1/2018,6.955246237
ALB,Albania,1/1/2011,6.905168269
HUN,Hungary,1/1/2016,6.837651123
GRD,Grenada,1/1/2013,6.822222222
ALB,Albania,1/1/2019,6.796875
ECU,Ecuador,1/1/2010,6.782352941
ECU,Ecuador,1/1/2011,6.782352941
ECU,Ecuador,1/1/2012,6.782352941
ECU,Ecuador,1/1/2013,6.782352941
ECU,Ecuador,1/1/2014,6.782352941
ECU,Ecuador,1/1/2015,6.782352941
ECU,Ecuador,1/1/2016,6.782352941
ECU,Ecuador,1/1/2017,6.782352941
ECU,Ecuador,1/1/2018,6.782352941
ECU,Ecuador,1/1/2019,6.782352941
HUN,Hungary,1/1/2014,6.775474957
ALB,Albania,1/1/2012,6.756850961
NER,Niger,1/1/2017,6.746113481
FIN,Finland,1/1/2018,6.639791321
SVN,Slovenia,1/1/2014,6.628127113
ALB,Albania,1/1/2013,6.608533654
GRD,Grenada,1/1/2012,6.594444444
ALB,Albania,1/1/2016,6.5625
CHE,Switzerland,1/1/2013,6.559877956
ALB,Albania,1/1/2017,6.556490385
PER,Peru,1/1/2017,6.512422805
IRL,Ireland,1/1/2017,6.508929526
CHE,Switzerland,1/1/2015,6.506167048
CHE,Switzerland,1/1/2014,6.498855835
CHE,Switzerland,1/1/2016,6.498855835
CHE,Switzerland,1/1/2017,6.498855835
CHE,Switzerland,1/1/2018,6.498855835
CHE,Switzerland,1/1/2019,6.498855835
SVN,Slovenia,1/1/2018,6.497633536
FIN,Finland,1/1/2015,6.464785392
ALB,Albania,1/1/2014,6.460216346
NER,Niger,1/1/2014,6.448378840
SVN,Slovenia,1/1/2019,6.382691007
AUS,Australia,1/1/2012,6.380377965
GRD,Grenada,1/1/2011,6.366666667
ROU,Romania,1/1/2017,6.341166557
DJI,Djibouti,1/1/2010,6.333333333
DJI,Djibouti,1/1/2011,6.333333333
DJI,Djibouti,1/1/2012,6.333333333
DJI,Djibouti,1/1/2013,6.333333333
DJI,Djibouti,1/1/2014,6.333333333
DJI,Djibouti,1/1/2015,6.333333333
DJI,Djibouti,1/1/2016,6.333333333
DJI,Djibouti,1/1/2017,6.333333333
DJI,Djibouti,1/1/2018,6.333333333
DJI,Djibouti,1/1/2019,6.333333333
SRB,Serbia,1/1/2019,6.332243886
GHA,Ghana,1/1/2016,6.314734089
GHA,Ghana,1/1/2017,6.314734089
GHA,Ghana,1/1/2018,6.314734089
GHA,Ghana,1/1/2019,6.314734089
SVN,Slovenia,1/1/2017,6.297498310
SVN,Slovenia,1/1/2012,6.274509804
GHA,Ghana,1/1/2015,6.270597210
SRB,Serbia,1/1/2018,6.263383298
SVN,Slovenia,1/1/2010,6.257606491
NER,Niger,1/1/2013,6.198141828
ROU,Romania,1/1/2011,6.171706769
IRL,Ireland,1/1/2016,6.150679072
NZL,New Zealand,1/1/2012,6.143439283
GRD,Grenada,1/1/2010,6.138888889
PER,Peru,1/1/2016,6.069599374
ROU,Romania,1/1/2012,6.068720157
SVN,Slovenia,1/1/2015,6.064908722
SRB,Serbia,1/1/2017,6.059957173
ROU,Romania,1/1/2015,6.052804045
ROU,Romania,1/1/2013,6.008800674
ROU,Romania,1/1/2018,6.006928190
ROU,Romania,1/1/2019,6.006928190
SVN,Slovenia,1/1/2016,5.999323868
ROU,Romania,1/1/2016,5.967606029
NER,Niger,1/1/2012,5.947904816
SLV,El Salvador,1/1/2011,5.944645456
GHA,Ghana,1/1/2014,5.932650392
ROU,Romania,1/1/2014,5.881471772
CIV,Cote d'Ivoire,1/1/2010,5.836446780
GHA,Ghana,1/1/2013,5.830972101
UGA,Uganda,1/1/2010,5.827996340
UGA,Uganda,1/1/2011,5.827996340
UGA,Uganda,1/1/2012,5.827996340
UGA,Uganda,1/1/2013,5.827996340
UGA,Uganda,1/1/2014,5.827996340
UGA,Uganda,1/1/2015,5.827996340
UGA,Uganda,1/1/2016,5.827996340
UGA,Uganda,1/1/2017,5.827996340
UGA,Uganda,1/1/2018,5.827996340
UGA,Uganda,1/1/2019,5.827996340
ROU,Romania,1/1/2010,5.822488531
MMR,Myanmar,1/1/2010,5.801501397
MMR,Myanmar,1/1/2011,5.801501397
MMR,Myanmar,1/1/2012,5.801501397
MMR,Myanmar,1/1/2013,5.801501397
MMR,Myanmar,1/1/2014,5.801501397
MMR,Myanmar,1/1/2015,5.801501397
MMR,Myanmar,1/1/2016,5.801501397
MMR,Myanmar,1/1/2017,5.801501397
MMR,Myanmar,1/1/2018,5.801501397
MMR,Myanmar,1/1/2019,5.801501397
IRL,Ireland,1/1/2015,5.792428617
ALB,Albania,1/1/2018,5.757211539
SVN,Slovenia,1/1/2011,5.749154834
GEO,Georgia,1/1/2010,5.746864821
GTM,Guatemala,1/1/2010,5.742097081
GTM,Guatemala,1/1/2011,5.742097081
GTM,Guatemala,1/1/2012,5.742097081
GTM,Guatemala,1/1/2013,5.742097081
GTM,Guatemala,1/1/2014,5.742097081
GTM,Guatemala,1/1/2015,5.742097081
GTM,Guatemala,1/1/2016,5.742097081
GTM,Guatemala,1/1/2017,5.742097081
GTM,Guatemala,1/1/2018,5.742097081
GTM,Guatemala,1/1/2019,5.742097081
GHA,Ghana,1/1/2012,5.734524847
BGD,Bangladesh,1/1/2010,5.723339482
BGD,Bangladesh,1/1/2011,5.723339482
BGD,Bangladesh,1/1/2012,5.723339482
BGD,Bangladesh,1/1/2013,5.723339482
BGD,Bangladesh,1/1/2014,5.723339482
BGD,Bangladesh,1/1/2015,5.723339482
BGD,Bangladesh,1/1/2016,5.723339482
BGD,Bangladesh,1/1/2017,5.723339482
BGD,Bangladesh,1/1/2018,5.723339482
BGD,Bangladesh,1/1/2019,5.723339482
NER,Niger,1/1/2011,5.697667804
GEO,Georgia,1/1/2011,5.651241857
CIV,Cote d'Ivoire,1/1/2011,5.649226503
PER,Peru,1/1/2015,5.626775943
GHA,Ghana,1/1/2011,5.594485615
GEO,Georgia,1/1/2012,5.555618893
ALB,Albania,1/1/2015,5.528846154
CIV,Cote d'Ivoire,1/1/2012,5.464292664
GHA,Ghana,1/1/2010,5.463164778
GEO,Georgia,1/1/2013,5.459995928
FIN,Finland,1/1/2016,5.454114299
FIN,Finland,1/1/2017,5.454114299
NER,Niger,1/1/2010,5.447430793
IRL,Ireland,1/1/2014,5.434178163
GEO,Georgia,1/1/2014,5.364372964
SRB,Serbia,1/1/2011,5.353319058
AUS,Australia,1/1/2011,5.313630881
SRB,Serbia,1/1/2013,5.307111462
SRB,Serbia,1/1/2016,5.304857433
AUS,Australia,1/1/2010,5.297547246
SRB,Serbia,1/1/2015,5.284571171
CIV,Cote d'Ivoire,1/1/2013,5.275929169
GEO,Georgia,1/1/2015,5.26875
NZL,New Zealand,1/1/2011,5.191116544
PER,Peru,1/1/2014,5.183952511
BLR,Belarus,1/1/2014,5.177982861
GEO,Georgia,1/1/2016,5.173127036
GEO,Georgia,1/1/2019,5.120977199
LAO,Lao PDR,1/1/2015,5.117340287
BLR,Belarus,1/1/2010,5.102175346
CIV,Cote d'Ivoire,1/1/2014,5.087565674
CIV,Cote d'Ivoire,1/1/2015,5.087565674
CIV,Cote d'Ivoire,1/1/2016,5.087565674
CIV,Cote d'Ivoire,1/1/2017,5.087565674
CIV,Cote d'Ivoire,1/1/2018,5.087565674
CIV,Cote d'Ivoire,1/1/2019,5.087565674
IRL,Ireland,1/1/2013,5.075927708
BLR,Belarus,1/1/2011,5.064820918
BLR,Belarus,1/1/2012,5.027466491
AUS,Australia,1/1/2018,4.996140788
LAO,Lao PDR,1/1/2016,4.993481095
BLR,Belarus,1/1/2013,4.990112063
SRB,Serbia,1/1/2010,4.980277246
SRB,Serbia,1/1/2012,4.962245013
LAO,Lao PDR,1/1/2014,4.934810952
AUS,Australia,1/1/2017,4.848669630
LAO,Lao PDR,1/1/2019,4.791395046
BLR,Belarus,1/1/2016,4.785761371
BLR,Belarus,1/1/2015,4.772577455
LAO,Lao PDR,1/1/2017,4.771838331
LAO,Lao PDR,1/1/2018,4.771838331
PER,Peru,1/1/2013,4.741129080
SLV,El Salvador,1/1/2012,4.733298676
IRL,Ireland,1/1/2012,4.717677254
LAO,Lao PDR,1/1/2013,4.639504563
HND,Honduras,1/1/2010,4.621268764
HND,Honduras,1/1/2011,4.621268764
HND,Honduras,1/1/2012,4.621268764
HND,Honduras,1/1/2013,4.621268764
HND,Honduras,1/1/2014,4.621268764
HND,Honduras,1/1/2015,4.621268764
HND,Honduras,1/1/2016,4.621268764
HND,Honduras,1/1/2017,4.621268764
HND,Honduras,1/1/2018,4.621268764
HND,Honduras,1/1/2019,4.621268764
BLR,Belarus,1/1/2017,4.604482531
BLR,Belarus,1/1/2018,4.581410679
LTU,Lithuania,1/1/2011,4.516222062
RUS,Russian Federation,1/1/2014,4.503178172
GEO,Georgia,1/1/2017,4.477296417
BLR,Belarus,1/1/2019,4.475939354
SRB,Serbia,1/1/2014,4.434802209
RUS,Russian Federation,1/1/2010,4.432587467
IRL,Ireland,1/1/2011,4.359426799
LAO,Lao PDR,1/1/2012,4.344198175
LUX,Luxembourg,1/1/2018,4.328358209
PER,Peru,1/1/2012,4.298305648
TCD,Chad,1/1/2010,4.294921875
TCD,Chad,1/1/2011,4.294921875
TCD,Chad,1/1/2012,4.294921875
TCD,Chad,1/1/2013,4.294921875
TCD,Chad,1/1/2014,4.294921875
TCD,Chad,1/1/2015,4.294921875
TCD,Chad,1/1/2016,4.294921875
TCD,Chad,1/1/2017,4.294921875
TCD,Chad,1/1/2018,4.294921875
TCD,Chad,1/1/2019,4.294921875
AUS,Australia,1/1/2016,4.271411339
NZL,New Zealand,1/1/2010,4.238793806
GEO,Georgia,1/1/2018,4.205602606
COL,Colombia,1/1/2016,4.189123876
COL,Colombia,1/1/2017,4.189123876
COL,Colombia,1/1/2018,4.189123876
COL,Colombia,1/1/2019,4.189123876
RUS,Russian Federation,1/1/2018,4.122242749
RUS,Russian Federation,1/1/2019,4.122242749
RUS,Russian Federation,1/1/2016,4.120334892
RUS,Russian Federation,1/1/2017,4.096168705
LUX,Luxembourg,1/1/2019,4.087893864
RUS,Russian Federation,1/1/2012,4.070094661
LAO,Lao PDR,1/1/2011,4.048891786
IRL,Ireland,1/1/2010,4.001176345
RUS,Russian Federation,1/1/2015,3.970886104
SUR,Suriname,1/1/2010,3.950609365
SUR,Suriname,1/1/2011,3.950609365
SUR,Suriname,1/1/2012,3.950609365
SUR,Suriname,1/1/2013,3.950609365
SUR,Suriname,1/1/2014,3.950609365
SUR,Suriname,1/1/2015,3.950609365
SUR,Suriname,1/1/2016,3.950609365
SUR,Suriname,1/1/2017,3.950609365
SUR,Suriname,1/1/2018,3.950609365
SUR,Suriname,1/1/2019,3.950609365
LUX,Luxembourg,1/1/2010,3.946932007
RUS,Russian Federation,1/1/2011,3.934424839
AUS,Australia,1/1/2019,3.933498818
MNG,Mongolia,1/1/2010,3.896965247
COL,Colombia,1/1/2015,3.885599410
SWE,Sweden,1/1/2010,3.880230880
RUS,Russian Federation,1/1/2013,3.879308974
LTU,Lithuania,1/1/2012,3.870223504
PER,Peru,1/1/2011,3.855482217
CAN,Canada,1/1/2013,3.839340886
LUX,Luxembourg,1/1/2011,3.839137645
CAN,Canada,1/1/2010,3.830962925
LUX,Luxembourg,1/1/2014,3.814262023
SWE,Sweden,1/1/2011,3.789610390
LUX,Luxembourg,1/1/2017,3.781094527
CAN,Canada,1/1/2014,3.759526262
LAO,Lao PDR,1/1/2010,3.753585398
CAN,Canada,1/1/2012,3.752832132
MNG,Mongolia,1/1/2011,3.748409202
CAN,Canada,1/1/2017,3.733573635
CAN,Canada,1/1/2018,3.733573635
CAN,Canada,1/1/2019,3.733573635
LUX,Luxembourg,1/1/2015,3.714759536
AUS,Australia,1/1/2015,3.707277845
CAN,Canada,1/1/2016,3.706642636
SWE,Sweden,1/1/2012,3.698989899
LUX,Luxembourg,1/1/2012,3.698175788
LUX,Luxembourg,1/1/2016,3.681592040
CAN,Canada,1/1/2015,3.679711638
CAN,Canada,1/1/2011,3.666323378
SWE,Sweden,1/1/2013,3.608369408
MNG,Mongolia,1/1/2012,3.599853157
COL,Colombia,1/1/2014,3.582074943
LUX,Luxembourg,1/1/2013,3.573797678
BRA,Brazil,1/1/2010,3.535260047
SLV,El Salvador,1/1/2013,3.521951896
SWE,Sweden,1/1/2014,3.517748918
BRN,Brunei Darussalam,1/1/2010,3.466465712
BRN,Brunei Darussalam,1/1/2011,3.466465712
BRN,Brunei Darussalam,1/1/2012,3.466465712
BRN,Brunei Darussalam,1/1/2013,3.466465712
BRN,Brunei Darussalam,1/1/2014,3.466465712
BRN,Brunei Darussalam,1/1/2015,3.466465712
BRN,Brunei Darussalam,1/1/2016,3.466465712
BRN,Brunei Darussalam,1/1/2017,3.466465712
BRN,Brunei Darussalam,1/1/2018,3.466465712
BRN,Brunei Darussalam,1/1/2019,3.466465712
MNG,Mongolia,1/1/2013,3.451297112
MYS,Malaysia,1/1/2017,3.439487179
MYS,Malaysia,1/1/2018,3.439487179
MYS,Malaysia,1/1/2019,3.439487179
SWE,Sweden,1/1/2015,3.427128427
SWE,Sweden,1/1/2016,3.427128427
SWE,Sweden,1/1/2017,3.427128427
SWE,Sweden,1/1/2018,3.427128427
SWE,Sweden,1/1/2019,3.427128427
BRA,Brazil,1/1/2011,3.419178487
PER,Peru,1/1/2010,3.412658785
MNG,Mongolia,1/1/2016,3.395007342
MNG,Mongolia,1/1/2017,3.395007342
MNG,Mongolia,1/1/2018,3.395007342
MNG,Mongolia,1/1/2019,3.395007342
TGO,Togo,1/1/2010,3.391634981
TGO,Togo,1/1/2011,3.391634981
TGO,Togo,1/1/2012,3.391634981
TGO,Togo,1/1/2013,3.391634981
TGO,Togo,1/1/2014,3.391634981
TGO,Togo,1/1/2015,3.391634981
TGO,Togo,1/1/2016,3.391634981
TGO,Togo,1/1/2017,3.391634981
TGO,Togo,1/1/2018,3.391634981
TGO,Togo,1/1/2019,3.391634981
MDV,Maldives,1/1/2010,3.380952381
MYS,Malaysia,1/1/2016,3.36
BRA,Brazil,1/1/2012,3.303096927
MNG,Mongolia,1/1/2014,3.302741067
GUY,Guyana,1/1/2010,3.298401827
GUY,Guyana,1/1/2011,3.298401827
GUY,Guyana,1/1/2012,3.298401827
GUY,Guyana,1/1/2013,3.298401827
GUY,Guyana,1/1/2014,3.298401827
GUY,Guyana,1/1/2015,3.298401827
GUY,Guyana,1/1/2016,3.298401827
GUY,Guyana,1/1/2017,3.298401827
GUY,Guyana,1/1/2018,3.298401827
GUY,Guyana,1/1/2019,3.298401827
COL,Colombia,1/1/2013,3.278550477
LTU,Lithuania,1/1/2013,3.224224946
MYS,Malaysia,1/1/2015,3.192820513
BRA,Brazil,1/1/2013,3.187015366
MYS,Malaysia,1/1/2014,3.172793522
MNG,Mongolia,1/1/2015,3.154185022
MYS,Malaysia,1/1/2013,3.152766532
BRA,Brazil,1/1/2016,3.135224586
MYS,Malaysia,1/1/2012,3.132739541
MYS,Malaysia,1/1/2011,3.112712551
BRA,Brazil,1/1/2017,3.105437352
MYS,Malaysia,1/1/2010,3.092685560
BRA,Brazil,1/1/2014,3.074326241
BRA,Brazil,1/1/2015,3.019385343
COL,Colombia,1/1/2012,2.97502601
BIH,Bosnia and Herzegovina,1/1/2012,2.906374502
BIH,Bosnia and Herzegovina,1/1/2013,2.893758300
BIH,Bosnia and Herzegovina,1/1/2010,2.891102258
SVK,Slovak Republic,1/1/2012,2.862736661
ZMB,Zambia,1/1/2010,2.835497836
ZMB,Zambia,1/1/2011,2.835497836
ZMB,Zambia,1/1/2012,2.835497836
ZMB,Zambia,1/1/2013,2.835497836
ZMB,Zambia,1/1/2014,2.835497836
ZMB,Zambia,1/1/2015,2.835497836
ZMB,Zambia,1/1/2016,2.835497836
ZMB,Zambia,1/1/2017,2.835497836
ZMB,Zambia,1/1/2018,2.835497836
ZMB,Zambia,1/1/2019,2.835497836
BIH,Bosnia and Herzegovina,1/1/2011,2.812749004
BIH,Bosnia and Herzegovina,1/1/2016,2.786188579
BIH,Bosnia and Herzegovina,1/1/2015,2.778884462
LTU,Lithuania,1/1/2015,2.752703677
SVK,Slovak Republic,1/1/2013,2.742685026
BIH,Bosnia and Herzegovina,1/1/2014,2.738379814
NIC,Nicaragua,1/1/2011,2.692428472
NIC,Nicaragua,1/1/2012,2.692428472
NIC,Nicaragua,1/1/2013,2.692428472
NIC,Nicaragua,1/1/2014,2.692428472
NIC,Nicaragua,1/1/2015,2.692428472
NIC,Nicaragua,1/1/2016,2.692428472
NIC,Nicaragua,1/1/2017,2.692428472
NIC,Nicaragua,1/1/2018,2.692428472
NIC,Nicaragua,1/1/2019,2.692428472
NIC,Nicaragua,1/1/2010,2.691556176
COL,Colombia,1/1/2011,2.671501543
BIH,Bosnia and Herzegovina,1/1/2017,2.662018592
SVK,Slovak Republic,1/1/2010,2.584767642
LTU,Lithuania,1/1/2014,2.578226388
LSO,Lesotho,1/1/2010,2.565905097
LSO,Lesotho,1/1/2011,2.565905097
LSO,Lesotho,1/1/2012,2.565905097
LSO,Lesotho,1/1/2013,2.565905097
LSO,Lesotho,1/1/2014,2.565905097
LSO,Lesotho,1/1/2015,2.565905097
LSO,Lesotho,1/1/2016,2.565905097
LSO,Lesotho,1/1/2017,2.565905097
LSO,Lesotho,1/1/2018,2.565905097
LSO,Lesotho,1/1/2019,2.565905097
SVK,Slovak Republic,1/1/2011,2.552065404
SVK,Slovak Republic,1/1/2015,2.468158348
SLV,El Salvador,1/1/2019,2.427323768
SLV,El Salvador,1/1/2017,2.424828447
SLV,El Salvador,1/1/2018,2.406737367
SVK,Slovak Republic,1/1/2014,2.406626506
SVK,Slovak Republic,1/1/2018,2.394578313
SVK,Slovak Republic,1/1/2019,2.394578313
SVK,Slovak Republic,1/1/2017,2.393717728
SVK,Slovak Republic,1/1/2016,2.389414802
COL,Colombia,1/1/2010,2.367977077
SLV,El Salvador,1/1/2015,2.356207112
SLV,El Salvador,1/1/2016,2.346225827
SLV,El Salvador,1/1/2014,2.310605115
LTU,Lithuania,1/1/2016,2.219899063
GMB,"Gambia, The",1/1/2010,2.209656372
GMB,"Gambia, The",1/1/2011,2.209656372
GMB,"Gambia, The",1/1/2012,2.209656372
GMB,"Gambia, The",1/1/2013,2.209656372
GMB,"Gambia, The",1/1/2014,2.209656372
GMB,"Gambia, The",1/1/2015,2.209656372
GMB,"Gambia, The",1/1/2016,2.209656372
GMB,"Gambia, The",1/1/2017,2.209656372
GMB,"Gambia, The",1/1/2018,2.209656372
GMB,"Gambia, The",1/1/2019,2.209656372
LVA,Latvia,1/1/2011,2.175014732
NOR,Norway,1/1/2010,2.133536122
BWA,Botswana,1/1/2018,2.133221792
NOR,Norway,1/1/2014,2.113155894
BWA,Botswana,1/1/2019,2.112307853
NOR,Norway,1/1/2011,2.105475285
BWA,Botswana,1/1/2016,2.104987975
NOR,Norway,1/1/2013,2.094144487
NOR,Norway,1/1/2012,2.077414449
BIH,Bosnia and Herzegovina,1/1/2018,2.071713147
NOR,Norway,1/1/2015,2.063498099
BWA,Botswana,1/1/2011,2.062114399
BWA,Botswana,1/1/2010,2.059072372
NOR,Norway,1/1/2017,2.046463878
NOR,Norway,1/1/2018,2.046463878
NOR,Norway,1/1/2019,2.046463878
BWA,Botswana,1/1/2012,2.032834885
BIH,Bosnia and Herzegovina,1/1/2019,2.028552457
BWA,Botswana,1/1/2017,2.018195127
NOR,Norway,1/1/2016,2.013840304
BWA,Botswana,1/1/2013,1.998849733
BWA,Botswana,1/1/2014,1.964864582
BWA,Botswana,1/1/2015,1.964864582
STP,Sao Tome and Principe,1/1/2016,1.876146789
STP,Sao Tome and Principe,1/1/2017,1.876146789
STP,Sao Tome and Principe,1/1/2018,1.876146789
STP,Sao Tome and Principe,1/1/2019,1.876146789
AGO,Angola,1/1/2010,1.871883289
AGO,Angola,1/1/2011,1.871883289
AGO,Angola,1/1/2012,1.871883289
AGO,Angola,1/1/2013,1.871883289
AGO,Angola,1/1/2014,1.871883289
AGO,Angola,1/1/2015,1.871883289
AGO,Angola,1/1/2016,1.871883289
AGO,Angola,1/1/2017,1.871883289
AGO,Angola,1/1/2018,1.871883289
AGO,Angola,1/1/2019,1.871883289
LTU,Lithuania,1/1/2017,1.867339582
PRY,Paraguay,1/1/2012,1.835399711
PRY,Paraguay,1/1/2013,1.835399711
PRY,Paraguay,1/1/2014,1.835399711
PRY,Paraguay,1/1/2015,1.835399711
PRY,Paraguay,1/1/2016,1.835399711
PRY,Paraguay,1/1/2017,1.835399711
PRY,Paraguay,1/1/2018,1.835399711
PRY,Paraguay,1/1/2019,1.835399711
LTU,Lithuania,1/1/2018,1.834102379
LTU,Lithuania,1/1/2019,1.834102379
STP,Sao Tome and Principe,1/1/2015,1.808536099
MOZ,Mozambique,1/1/2015,1.751486326
MOZ,Mozambique,1/1/2016,1.751486326
MOZ,Mozambique,1/1/2017,1.751486326
MOZ,Mozambique,1/1/2018,1.751486326
MOZ,Mozambique,1/1/2019,1.751486326
STP,Sao Tome and Principe,1/1/2014,1.740925409
PRY,Paraguay,1/1/2011,1.713508785
MOZ,Mozambique,1/1/2014,1.705967386
STP,Sao Tome and Principe,1/1/2013,1.673314719
MOZ,Mozambique,1/1/2013,1.660448446
LVA,Latvia,1/1/2010,1.621685327
PRY,Paraguay,1/1/2010,1.621167175
MOZ,Mozambique,1/1/2012,1.614929506
STP,Sao Tome and Principe,1/1/2012,1.605704029
MOZ,Mozambique,1/1/2011,1.569410566
HRV,Croatia,1/1/2013,1.567140952
CMR,Cameroon,1/1/2010,1.560430107
CMR,Cameroon,1/1/2011,1.560430107
CMR,Cameroon,1/1/2012,1.560430107
CMR,Cameroon,1/1/2013,1.560430107
CMR,Cameroon,1/1/2014,1.560430107
CMR,Cameroon,1/1/2015,1.560430107
CMR,Cameroon,1/1/2016,1.560430107
CMR,Cameroon,1/1/2017,1.560430107
CMR,Cameroon,1/1/2018,1.560430107
CMR,Cameroon,1/1/2019,1.560430107
BRA,Brazil,1/1/2019,1.550638485
STP,Sao Tome and Principe,1/1/2011,1.538093339
HRV,Croatia,1/1/2014,1.537127612
MOZ,Mozambique,1/1/2010,1.523891626
HRV,Croatia,1/1/2015,1.519564251
HRV,Croatia,1/1/2010,1.500666963
HRV,Croatia,1/1/2018,1.496220542
HRV,Croatia,1/1/2017,1.495998221
GNB,Guinea-Bissau,1/1/2010,1.495726496
GNB,Guinea-Bissau,1/1/2011,1.495726496
GNB,Guinea-Bissau,1/1/2012,1.495726496
GNB,Guinea-Bissau,1/1/2013,1.495726496
GNB,Guinea-Bissau,1/1/2014,1.495726496
GNB,Guinea-Bissau,1/1/2015,1.495726496
GNB,Guinea-Bissau,1/1/2016,1.495726496
GNB,Guinea-Bissau,1/1/2017,1.495726496
GNB,Guinea-Bissau,1/1/2018,1.495726496
GNB,Guinea-Bissau,1/1/2019,1.495726496
HRV,Croatia,1/1/2011,1.493775011
HRV,Croatia,1/1/2019,1.489550912
HRV,Croatia,1/1/2016,1.480435749
STP,Sao Tome and Principe,1/1/2010,1.470482649
HRV,Croatia,1/1/2012,1.469542019
LVA,Latvia,1/1/2012,1.462581025
BRA,Brazil,1/1/2018,1.422501101
BTN,Bhutan,1/1/2010,1.413807531
BTN,Bhutan,1/1/2011,1.413807531
BTN,Bhutan,1/1/2012,1.413807531
BTN,Bhutan,1/1/2013,1.413807531
BTN,Bhutan,1/1/2014,1.413807531
BTN,Bhutan,1/1/2015,1.413807531
BTN,Bhutan,1/1/2016,1.413807531
BTN,Bhutan,1/1/2017,1.413807531
BTN,Bhutan,1/1/2018,1.413807531
BTN,Bhutan,1/1/2019,1.413807531
LVA,Latvia,1/1/2013,1.390689452
GIN,Guinea,1/1/2018,1.369230769
GIN,Guinea,1/1/2019,1.369230769
GIN,Guinea,1/1/2017,1.331834319
GIN,Guinea,1/1/2016,1.294437870
BLZ,Belize,1/1/2010,1.260294485
BLZ,Belize,1/1/2011,1.260294485
BLZ,Belize,1/1/2012,1.260294485
BLZ,Belize,1/1/2013,1.260294485
BLZ,Belize,1/1/2014,1.260294485
BLZ,Belize,1/1/2015,1.260294485
BLZ,Belize,1/1/2016,1.260294485
BLZ,Belize,1/1/2017,1.260294485
BLZ,Belize,1/1/2018,1.260294485
BLZ,Belize,1/1/2019,1.260294485
GIN,Guinea,1/1/2015,1.257041420
GIN,Guinea,1/1/2014,1.219644970
GIN,Guinea,1/1/2013,1.182248521
BOL,Bolivia,1/1/2010,1.177001127
BOL,Bolivia,1/1/2011,1.177001127
BOL,Bolivia,1/1/2012,1.177001127
BOL,Bolivia,1/1/2013,1.177001127
BOL,Bolivia,1/1/2014,1.177001127
BOL,Bolivia,1/1/2015,1.177001127
BOL,Bolivia,1/1/2016,1.177001127
BOL,Bolivia,1/1/2017,1.177001127
BOL,Bolivia,1/1/2018,1.177001127
BOL,Bolivia,1/1/2019,1.177001127
GIN,Guinea,1/1/2012,1.144852071
GIN,Guinea,1/1/2011,1.107455621
LVA,Latvia,1/1/2016,1.095214302
LVA,Latvia,1/1/2018,1.080431302
GIN,Guinea,1/1/2010,1.070059172
LVA,Latvia,1/1/2017,1.067280854
LVA,Latvia,1/1/2019,1.052849811
LVA,Latvia,1/1/2015,1.041249263
KHM,Cambodia,1/1/2010,1.036544850
KHM,Cambodia,1/1/2011,1.036544850
KHM,Cambodia,1/1/2012,1.036544850
KHM,Cambodia,1/1/2013,1.036544850
KHM,Cambodia,1/1/2014,1.036544850
KHM,Cambodia,1/1/2015,1.036544850
KHM,Cambodia,1/1/2016,1.036544850
KHM,Cambodia,1/1/2017,1.036544850
KHM,Cambodia,1/1/2018,1.036544850
KHM,Cambodia,1/1/2019,1.036544850
LVA,Latvia,1/1/2014,0.992928698
BEN,Benin,1/1/2010,0.975243811
BEN,Benin,1/1/2011,0.975243811
BEN,Benin,1/1/2012,0.975243811
BEN,Benin,1/1/2013,0.975243811
BEN,Benin,1/1/2014,0.975243811
BEN,Benin,1/1/2015,0.975243811
BEN,Benin,1/1/2016,0.975243811
BEN,Benin,1/1/2017,0.975243811
BEN,Benin,1/1/2018,0.975243811
BEN,Benin,1/1/2019,0.975243811
PAN,Panama,1/1/2015,0.930749777
PAN,Panama,1/1/2013,0.903600119
PAN,Panama,1/1/2016,0.901071110
PAN,Panama,1/1/2017,0.901071110
PAN,Panama,1/1/2018,0.901071110
PAN,Panama,1/1/2019,0.901071110
PAN,Panama,1/1/2014,0.893409700
NAM,Namibia,1/1/2010,0.861552567
NAM,Namibia,1/1/2011,0.861552567
NAM,Namibia,1/1/2012,0.861552567
NAM,Namibia,1/1/2013,0.861552567
NAM,Namibia,1/1/2014,0.861552567
NAM,Namibia,1/1/2015,0.861552567
NAM,Namibia,1/1/2016,0.861552567
NAM,Namibia,1/1/2017,0.861552567
NAM,Namibia,1/1/2018,0.861552567
NAM,Namibia,1/1/2019,0.861552567
PAN,Panama,1/1/2012,0.859516017
COM,Comoros,1/1/2010,0.833333333
COM,Comoros,1/1/2011,0.833333333
COM,Comoros,1/1/2012,0.833333333
COM,Comoros,1/1/2013,0.833333333
COM,Comoros,1/1/2014,0.833333333
COM,Comoros,1/1/2015,0.833333333
COM,Comoros,1/1/2016,0.833333333
COM,Comoros,1/1/2017,0.833333333
COM,Comoros,1/1/2018,0.833333333
COM,Comoros,1/1/2019,0.833333333
PAN,Panama,1/1/2011,0.815431915
PAN,Panama,1/1/2010,0.771347813
GAB,Gabon,1/1/2010,0.502166065
GAB,Gabon,1/1/2011,0.502166065
GAB,Gabon,1/1/2012,0.502166065
GAB,Gabon,1/1/2013,0.502166065
GAB,Gabon,1/1/2014,0.502166065
GAB,Gabon,1/1/2015,0.502166065
GAB,Gabon,1/1/2016,0.502166065
GAB,Gabon,1/1/2017,0.502166065
GAB,Gabon,1/1/2018,0.502166065
GAB,Gabon,1/1/2019,0.502166065
SLE,Sierra Leone,1/1/2010,0.495794393
SLE,Sierra Leone,1/1/2011,0.495794393
SLE,Sierra Leone,1/1/2012,0.495794393
SLE,Sierra Leone,1/1/2013,0.495794393
SLE,Sierra Leone,1/1/2014,0.495794393
SLE,Sierra Leone,1/1/2015,0.495794393
SLE,Sierra Leone,1/1/2016,0.495794393
SLE,Sierra Leone,1/1/2017,0.495794393
SLE,Sierra Leone,1/1/2018,0.495794393
SLE,Sierra Leone,1/1/2019,0.495794393
ISL,Iceland,1/1/2012,0.399510803
ISL,Iceland,1/1/2013,0.395570050
ISL,Iceland,1/1/2017,0.394075282
ISL,Iceland,1/1/2018,0.394075282
ISL,Iceland,1/1/2019,0.394075282
ISL,Iceland,1/1/2015,0.379807039
ISL,Iceland,1/1/2011,0.378685963
ISL,Iceland,1/1/2014,0.374235630
ISL,Iceland,1/1/2010,0.357589346
ISL,Iceland,1/1/2016,0.353308874
CAF,Central African Republic,1/1/2010,0.335648148
CAF,Central African Republic,1/1/2011,0.335648148
CAF,Central African Republic,1/1/2012,0.335648148
CAF,Central African Republic,1/1/2013,0.335648148
CAF,Central African Republic,1/1/2014,0.335648148
CAF,Central African Republic,1/1/2015,0.335648148
CAF,Central African Republic,1/1/2016,0.335648148
CAF,Central African Republic,1/1/2017,0.335648148
CAF,Central African Republic,1/1/2018,0.335648148
CAF,Central African Republic,1/1/2019,0.335648148
FJI,Fiji,1/1/2010,0.297373030
FJI,Fiji,1/1/2011,0.297373030
FJI,Fiji,1/1/2012,0.297373030
FJI,Fiji,1/1/2013,0.297373030
FJI,Fiji,1/1/2014,0.297373030
FJI,Fiji,1/1/2015,0.297373030
FJI,Fiji,1/1/2016,0.297373030
FJI,Fiji,1/1/2017,0.297373030
FJI,Fiji,1/1/2018,0.297373030
FJI,Fiji,1/1/2019,0.297373030
LBR,Liberia,1/1/2010,0.264311594
LBR,Liberia,1/1/2011,0.264311594
LBR,Liberia,1/1/2012,0.264311594
LBR,Liberia,1/1/2013,0.264311594
LBR,Liberia,1/1/2014,0.264311594
LBR,Liberia,1/1/2015,0.264311594
LBR,Liberia,1/1/2016,0.264311594
LBR,Liberia,1/1/2017,0.264311594
LBR,Liberia,1/1/2018,0.264311594
LBR,Liberia,1/1/2019,0.264311594
COD,"Congo, Dem. Rep.",1/1/2010,0.226883505
COD,"Congo, Dem. Rep.",1/1/2011,0.226883505
COD,"Congo, Dem. Rep.",1/1/2012,0.226883505
COD,"Congo, Dem. Rep.",1/1/2013,0.226883505
COD,"Congo, Dem. Rep.",1/1/2014,0.226883505
COD,"Congo, Dem. Rep.",1/1/2015,0.226883505
COD,"Congo, Dem. Rep.",1/1/2016,0.226883505
COD,"Congo, Dem. Rep.",1/1/2017,0.226883505
COD,"Congo, Dem. Rep.",1/1/2018,0.226883505
COD,"Congo, Dem. Rep.",1/1/2019,0.226883505
GNQ,Equatorial Guinea,1/1/2010,0.183503244
GNQ,Equatorial Guinea,1/1/2011,0.183503244
GNQ,Equatorial Guinea,1/1/2012,0.183503244
GNQ,Equatorial Guinea,1/1/2013,0.183503244
GNQ,Equatorial Guinea,1/1/2014,0.183503244
GNQ,Equatorial Guinea,1/1/2015,0.183503244
GNQ,Equatorial Guinea,1/1/2016,0.183503244
GNQ,Equatorial Guinea,1/1/2017,0.183503244
GNQ,Equatorial Guinea,1/1/2018,0.183503244
GNQ,Equatorial Guinea,1/1/2019,0.183503244
PNG,Papua New Guinea,1/1/2010,0.132242833
PNG,Papua New Guinea,1/1/2011,0.132242833
PNG,Papua New Guinea,1/1/2012,0.132242833
PNG,Papua New Guinea,1/1/2013,0.132242833
PNG,Papua New Guinea,1/1/2014,0.132242833
PNG,Papua New Guinea,1/1/2015,0.132242833
PNG,Papua New Guinea,1/1/2016,0.132242833
PNG,Papua New Guinea,1/1/2017,0.132242833
PNG,Papua New Guinea,1/1/2018,0.132242833
PNG,Papua New Guinea,1/1/2019,0.132242833
COG,"Congo, Rep.",1/1/2010,0.027446301
COG,"Congo, Rep.",1/1/2011,0.027446301
COG,"Congo, Rep.",1/1/2012,0.027446301
COG,"Congo, Rep.",1/1/2013,0.027446301
COG,"Congo, Rep.",1/1/2014,0.027446301
COG,"Congo, Rep.",1/1/2015,0.027446301
COG,"Congo, Rep.",1/1/2016,0.027446301
COG,"Congo, Rep.",1/1/2017,0.027446301
COG,"Congo, Rep.",1/1/2018,0.027446301
COG,"Congo, Rep.",1/1/2019,0.027446301
