LOAN,MORTDUE,VALUE,REASON,JOB,YOJ,DEROG,DELINQ,CLAGE,NINQ,CLNO,DEBTINC
25900,61064,94714,DebtCon,Office,2,0,0,98.80937484,0,23,34.56594425
26100,113266,182082,DebtCon,Sales,18,0,0,304.8524691,1,31,33.19394936
20900,62615,87904,DebtCon,Office,5,,,177.8648492,,15,36.83107615
25300,62540,101165,DebtCon,ProfExe,0,0,0,195.4513312,0,25,35.20086451
27700,73148,101462,DebtCon,ProfExe,10,0,0,264.6053894,0,33,40.47579335
16900,71672,96677,DebtCon,Other,1,0,0,153.7916948,0,30,35.32783617
17200,94937,133859,DebtCon,Mgr,6,,,248.1588756,2,42,36.79087533
6300,99469,116260,HomeImp,Office,23,0,0,124.7455955,1,12,35.64227011
14300,89984,121189,HomeImp,Mgr,4,0,2,137.5978233,0,25,41.61332522
26600,78491,121598,DebtCon,Other,4,1,0,84.58301005,1,33,41.34234309
5000,59900,80800,DebtCon,ProfExe,15,0,0,219.1333333,1,18,
11200,68890,84059,DebtCon,Office,12,0,0,254.0196894,3,36,41.4339438
17300,35070,63862,DebtCon,Other,16,0,0,125.1315694,1,17,37.93651965
15300,81500,102000,HomeImp,ProfExe,3.5,0,0,123.7666667,1,25,
21900,147638,193065,DebtCon,ProfExe,13,,,100.775926,1,23,29.5314444
11000,50716,61492,DebtCon,Other,3,0,1,90.23032976,0,20,38.25586202
25100,65633,100776,DebtCon,Other,15,0,1,141.9381303,0,29,40.62020969
20100,84965,110676,DebtCon,Mgr,18,0,0,244.02973,5,30,38.62783022
16400,85601,100078,HomeImp,Office,,0,0,176.6987412,1,25,43.02747053
30000,32657,76000,DebtCon,Other,,,,288.3333333,0,16,
18400,40673,60418,HomeImp,Other,27,0,0,247.6495789,0,13,24.98029896
12500,,52026,HomeImp,Mgr,6,,,173.7172393,,8,21.6211951
5700,28127,36524,HomeImp,ProfExe,10,0,0,181.2829568,0,13,24.33953357
33700,28956,45640,DebtCon,Other,0,0,0,59.04270368,0,6,16.49508064
26500,29751,57501,,Office,1,0,0,114.359189,2,7,37.07547187
10600,56352,75277,DebtCon,Office,5,0,0,98.37727819,2,15,26.24239431
18100,46145,72200,DebtCon,ProfExe,11,0,0,178.1920777,0,42,40.57402248
13400,95084,117279,HomeImp,Office,4,0,0,145.9623436,0,21,39.24466948
9400,81596,116738,HomeImp,Office,28,0,0,338.6290354,1,38,34.16951368
12400,,65317,HomeImp,Other,,0,0,349.2796108,0,6,35.71441843
18700,87958,114696,DebtCon,Other,20,0,0,301.9122949,0,17,24.41521969
13100,70368,87407,DebtCon,Other,2,0,0,232.9947127,3,26,29.66798564
13700,70763,78449,DebtCon,Office,12,0,0,271.6567243,5,36,40.56198365
9700,59633,70398,HomeImp,Other,4,0,0,239.0382058,1,16,38.86724899
4900,58688,63348,DebtCon,ProfExe,9,0,3,179.1625747,2,31,22.54439284
10000,147234,175300,HomeImp,Office,6,0,0,192.7666667,1,56,
20200,105278,180304,DebtCon,Office,6,0,0,218.6578187,3,24,41.80676309
14700,30306,44195,HomeImp,Other,9,0,1,87.43122628,2,12,29.40493516
12100,67927,94126,DebtCon,Other,2,0,0,35.53887812,2,3,38.84759708
15400,110900,126400,DebtCon,,16,0,0,179.5666667,1,18,
9400,,30455,HomeImp,Office,18,0,0,194.614216,0,16,39.00006486
14600,86199,95034,HomeImp,Office,,0,0,164.29505,1,25,41.54600252
18300,31427,60249,DebtCon,Other,16,0,0,110.5522774,0,18,40.00125599
23900,90244,120751,DebtCon,Self,3,0,0,194.9872525,1,26,35.40605965
11700,64278,76055,,Other,12,0,0,245.2951629,0,26,28.43996584
51700,181000,255026,DebtCon,ProfExe,6,0,0,253.7420986,1,33,40.01760328
6600,68733,81973,HomeImp,Other,5,0,0,96.9776672,0,14,42.21104678
6400,57887,74776,HomeImp,Mgr,3,0,1,126.3286437,0,22,28.75634543
10700,147477,181050,HomeImp,Office,6,0,0,190.0210849,1,55,34.69816239
8700,93759,119459,HomeImp,Office,24,0,0,138.09123,1,12,38.72971089
20400,,94446,HomeImp,Other,6,0,0,184.82429,1,16,40.77586435
17300,32736,49100,DebtCon,ProfExe,4,0,0,262.9484377,0,34,38.563081
13000,72931,96803,DebtCon,Other,6,0,0,208.6728918,2,18,41.05223501
53700,24158,82627,HomeImp,Other,2,2,0,250.6665426,6,14,43.26837545
10200,57142,72664,DebtCon,,19,0,0,158.1858039,1,12,32.49748842
4000,67625,80698,HomeImp,Mgr,11,,1,212.3493039,0,25,39.12871763
14300,60811,89324,DebtCon,ProfExe,8,0,0,205.6830398,0,20,20.98981184
14700,90662,111778,DebtCon,ProfExe,1,1,1,148.4232463,0,33,31.77010155
17800,,95639,,Other,,0,0,179.8493516,1,9,33.14225722
17300,51107,64135,HomeImp,Office,4,0,0,115.002195,0,17,32.25108612
8200,120837,176244,DebtCon,Other,8,0,0,196.7241605,0,20,34.74574315
10700,67065,96171,DebtCon,Office,9,0,0,205.0076003,3,28,41.58720119
4500,,49044,HomeImp,,0,0,0,,0,0,11.6527388
17200,53849,102326,HomeImp,Other,1,0,3,57.16674512,1,9,39.99115424
31500,10879,58089,DebtCon,Other,0,0,0,94.24803572,0,5,38.66240227
9100,48797,67761,DebtCon,Mgr,7,,3,116.9791548,3,11,37.79737881
20100,20153,94279,DebtCon,Other,21,0,0,227.1825172,2,40,36.6966301
1700,97800,112000,HomeImp,Office,3,0,0,93.33333333,0,14,
18200,94727,136877,DebtCon,Mgr,15,0,0,168.9599682,2,26,36.05643747
15600,62622,106824,HomeImp,ProfExe,9,0,0,261.0214154,0,11,34.97887956
6800,178559,247611,DebtCon,Sales,,0,0,127.2341411,0,22,42.08390168
5600,69435,83489,DebtCon,ProfExe,14,0,0,200.418434,1,17,22.84109285
13000,44875,57713,DebtCon,Other,0,1,0,184.9903244,1,12,28.60207607
7000,58114,93391,HomeImp,ProfExe,6,0,0,200.0777551,1,24,31.73651179
17500,153839,194027,DebtCon,Other,7,0,0,,1,15,29.1136512
50000,,78703,HomeImp,Self,10,0,0,179.5666667,1,22,
11200,62752,73003,DebtCon,ProfExe,13,0,0,226.5659049,3,31,38.33979805
17000,60483,85015,HomeImp,ProfExe,4,0,0,116.5252651,0,12,27.29874318
9600,45240,60136,DebtCon,Other,2,0,1,83.06675091,0,19,38.45430002
7000,58843,75300,HomeImp,Other,1.5,0,0,103.6666667,0,7,
7700,14776,32287,,,,,,,,,34.88046232
20400,44746,63433,DebtCon,Office,5,0,0,176.3284966,2,26,36.67687831
26700,146193,185200,DebtCon,ProfExe,11,0,0,156.2294564,0,36,39.21027209
8500,53459,62678,DebtCon,Mgr,13,0,0,116.8634491,0,18,30.05290208
4300,68815,79852,HomeImp,Other,6,0,0,105.1207088,0,14,41.80637615
27700,54617,87722,DebtCon,Other,9,0,1,132.4113818,3,29,39.63110299
13300,35000,44195,HomeImp,Other,8,0,0,91.92352891,0,4,35.24312086
11100,,50262,HomeImp,Mgr,5,,,175.7568875,,8,22.95686376
13900,62968,84947,DebtCon,Office,13,0,0,239.7732321,3,37,42.23618914
14600,51613,77912,DebtCon,Office,0,0,0,182.8825754,0,25,32.22445241
11400,84380,202186,HomeImp,Self,13,0,0,34.91437168,,7,18.84034872
5000,51209,55320,DebtCon,,5,,1,69.1074656,,15,35.02507297
43300,18824,63487,DebtCon,Other,22,0,0,212.2548894,0,30,41.24673596
20400,153958,195834,DebtCon,Other,9,0,0,,1,15,31.13462438
32500,124548,169881,DebtCon,ProfExe,16,0,0,129.524283,1,17,28.85081359
2000,64536,87400,,Mgr,2.5,0,0,147.1333333,0,24,
13600,,35396,DebtCon,Other,11,,,101.7935233,1,8,32.66950311
31000,118000,167000,DebtCon,ProfExe,17,0,0,127.0333333,1,17,
16600,74681,95471,DebtCon,Other,6,0,0,187.6535104,4,19,40.45375316
18200,13925,94898,DebtCon,Other,22,0,0,223.901918,2,41,35.99822541
7900,77221,95316,DebtCon,ProfExe,4,0,0,116.3094934,0,25,35.42979658
9600,46683,61773,DebtCon,Office,1,0,0,171.058449,1,20,38.00528931
21700,59947,94103,DebtCon,Office,0,0,0,154.5525474,1,21,34.7717086
18300,90099,118545,DebtCon,ProfExe,12,0,0,140.5158506,3,18,38.89923169
8300,67839,76502,DebtCon,ProfExe,9,0,0,58.56017401,3,24,38.97429353
89200,54045,92924,DebtCon,Other,15,0,0,212.2796967,0,15,35.55659049
9300,54088,66961,DebtCon,Other,22,0,0,278.1604735,3,28,40.82354171
15600,58728,92443,HomeImp,ProfExe,6,0,0,128.0295993,0,13,28.48485856
26700,186185,233480,DebtCon,ProfExe,0,0,0,290.578837,1,32,41.74120105
25100,28778,50872,DebtCon,Other,28,0,0,304.1951532,,12,31.59946433
22800,96495,122362,HomeImp,Mgr,8,0,0,120.9792917,2,24,29.80983516
7300,93428,118184,HomeImp,Other,10,,,411.9520505,1,50,40.39647435
26700,,120179,DebtCon,Mgr,8,0,0,162.12582,0,27,35.09551993
10900,56793,68825,DebtCon,Other,3,0,0,225.8890415,0,9,34.72787519
27300,53223,86696,DebtCon,Office,0,0,0,96.07068788,0,22,34.51779051
16200,,95280,,Other,,0,0,194.4600162,1,10,33.12372818
41600,,53078,DebtCon,Other,,6,,108.8701167,,20,26.98944023
12800,91040,114331,DebtCon,Other,12,0,0,175.8773501,0,26,34.74718504
8000,82547,105361,DebtCon,ProfExe,24,0,0,52.59326412,2,13,32.16092259
21500,129361,284790,HomeImp,Mgr,3,0,0,199.2195955,0,15,30.40625943
13700,46611,65031,DebtCon,Other,2,0,0,179.4433323,0,13,37.70515917
18600,58992,86816,DebtCon,,4,0,0,103.5042953,0,16,40.95659824
13600,112223,144451,DebtCon,ProfExe,0,0,0,259.733117,1,45,35.31021701
13400,78465,97506,DebtCon,Other,5,3,0,71.44366499,1,21,24.47029999
39500,132485,192838,DebtCon,Mgr,,1,0,176.1238814,0,24,31.7374782
7000,78284,98214,HomeImp,Other,0,0,1,171.8383862,0,31,36.24796303
14000,42000,60000,DebtCon,Mgr,27,1,0,281.0666667,1,17,
8100,78508,200133,HomeImp,Self,14,0,0,9.1,,8,
14600,206126,235912,HomeImp,ProfExe,10,0,0,236.5081164,0,21,30.18121716
26200,141109,245422,HomeImp,ProfExe,28,0,0,343.7871223,1,18,38.11355594
46200,117227,174882,DebtCon,Self,12,0,0,195.6411868,0,5,40.62161928
17900,97335,167384,,Other,,0,,250.4871084,,24,39.15632328
12800,,,,,,,,,,,25.13244854
16000,65901,85627,DebtCon,Office,5,0,0,117.3570325,0,20,21.44534142
24500,52000,84915,DebtCon,Office,0.4,0,1,93.16666667,0,23,
23400,125750,165732,DebtCon,ProfExe,6,0,0,195.0845391,0,38,20.73303164
15500,28269,52822,HomeImp,Other,9,0,0,120.6109212,1,9,18.18289192
13000,49268,72430,DebtCon,ProfExe,19,0,0,192.3644746,0,15,23.61710487
8500,73208,88588,DebtCon,Mgr,10,0,0,114.5525823,0,23,30.08248898
28600,85174,127306,DebtCon,Other,1,0,0,193.0739135,1,24,40.65624858
24900,134427,169444,DebtCon,Other,7,1,0,202.4473261,0,19,35.3492119
19900,68830,107598,DebtCon,Office,10,0,0,202.9341954,2,13,30.95751627
15900,68304,92271,DebtCon,Other,1,1,2,113.2284034,2,25,32.88184693
14700,10098,51653,DebtCon,ProfExe,3,0,0,302.652472,0,16,18.42392382
26400,122105,165000,DebtCon,Mgr,1,0,0,234.4,2,24,
17000,55820,88683,DebtCon,Office,0.5,0,0,74.03333333,0,23,
27800,64804,97553,DebtCon,Other,15,1,0,105.0986638,1,17,32.17786106
14400,64500,83000,DebtCon,Other,10,0,0,83.2,3,11,
52200,,90240,HomeImp,Other,,0,0,341.8288117,0,7,24.01667109
6000,,69492,,,,,,,,,32.97719723
23100,72712,185787,,Other,10,0,0,362.1817044,1,16,31.86715522
11900,89595,107895,HomeImp,Mgr,9,0,0,250.4682419,0,24,30.30538811
22300,72814,186463,,Other,10,0,0,367.2473584,1,16,30.33358791
11900,61094,74842,,Other,12,0,0,250.1998344,0,26,29.73487407
17800,8642,88369,HomeImp,Other,13,0,0,265.022103,0,22,26.48079237
7100,64850,76985,HomeImp,Other,0,0,0,108.2171898,0,7,36.33755756
14300,80299,123339,,,,,,,,,35.31117092
12500,37562,57081,HomeImp,Other,22,0,1,129.486844,0,23,39.08300244
22100,,65192,HomeImp,Office,9,0,0,128.1567931,1,4,18.8829556
22000,48041,88433,DebtCon,Other,12,0,0,96.33643462,0,10,5.226673619
16400,107669,115881,DebtCon,Other,0,0,0,136.8121195,1,21,39.69996168
13900,78442,105065,HomeImp,ProfExe,0,0,0,71.55047746,0,19,34.75170874
11400,64934,74875,DebtCon,Other,3,0,0,192.3144827,2,16,34.34375572
17400,11147,166496,HomeImp,Mgr,23,0,0,73.46751776,1,19,29.53166415
33200,23858,40268,DebtCon,Other,0,0,0,56.60389545,0,7,16.6958286
20500,67852,97944,HomeImp,Office,14,0,0,141.0053448,0,14,36.6093894
37700,141260,205493,HomeImp,ProfExe,5,0,0,148.1372394,0,31,34.3029739
8000,61565,87624,DebtCon,ProfExe,14,0,0,203.9971364,0,17,23.56256501
9100,62976,77829,HomeImp,Mgr,0,0,2,131.193496,0,23,26.09041891
16100,54715,71673,DebtCon,Office,1,0,0,186.2158287,0,25,29.67050636
26200,49323,77160,DebtCon,Other,23,,1,286.1816551,0,29,39.67630465
25300,51261,87025,DebtCon,Mgr,4,0,0,249.8361848,2,25,31.65878641
13300,66502,78138,DebtCon,Other,4,0,0,178.1121065,1,16,33.79509124
29400,119256,160683,DebtCon,ProfExe,6,0,0,109.121197,3,27,33.30176289
15300,42100,65000,DebtCon,Other,7,0,0,95.33333333,3,15,
9300,,36793,HomeImp,Other,,,,304.5201894,,11,30.73881376
19400,63508,12414,DebtCon,Other,5,,,64.40760462,1,16,40.57016916
9800,62826,65912,HomeImp,Other,6,0,0,132.7524896,0,34,37.58819954
13200,70069,88303,DebtCon,Other,3,0,0,240.8560165,2,25,29.06412827
12700,,41396,HomeImp,Other,0,0,0,302.8700505,1,8,27.98946659
22400,47687,65704,DebtCon,Office,6,0,0,174.5578971,2,27,36.21976783
15200,65000,92000,DebtCon,Office,1,0,0,152.1333333,4,20,
4100,57992,63797,DebtCon,ProfExe,7,0,4,165.505037,1,31,22.27817437
16900,78455,121450,,,,,,,,,33.74237455
22000,88898,121357,HomeImp,Mgr,12,0,0,115.8322132,2,24,31.10896086
8700,,32855,HomeImp,,,,,,,,35.93790268
20000,9647,31920,DebtCon,Other,0,1,0,24.68623145,1,3,28.94036033
4900,65873,90408,,Mgr,2,0,0,141.858999,0,23,37.76961861
9700,98232,117321,DebtCon,Other,19,0,2,194.4247179,2,15,36.95089224
20000,22036,51068,DebtCon,Other,25,0,2,210.7198667,0,25,29.16004451
7500,88056,104794,DebtCon,ProfExe,25,0,0,56.75011314,2,14,30.53890697
11900,85486,109386,HomeImp,ProfExe,11,0,1,175.5425655,0,28,33.67090818
18200,61554,94510,DebtCon,Office,2,0,0,161.3526933,0,24,23.89655471
20700,80124,99938,DebtCon,Mgr,7,0,0,69.32471958,7,24,38.67963357
18700,110292,132953,DebtCon,ProfExe,7,0,0,105.4248876,0,14,30.55275232
24300,42276,68775,DebtCon,Other,24,0,0,309.6835856,2,31,32.74650689
20800,29503,54923,DebtCon,Other,,0,0,215.4807143,0,12,38.73213217
21700,79240,96784,DebtCon,Mgr,5,0,0,64.50842359,6,24,38.07896313
11500,,64037,HomeImp,Other,,0,0,354.1745808,0,7,34.35573924
17600,72232,103081,DebtCon,Other,1,0,0,143.9671531,0,18,36.30996249
25400,,45369,DebtCon,Other,,,,87.26384702,,12,27.5294977
22000,,72304,HomeImp,Office,9,0,0,120.5320184,2,4,20.17621345
8400,30146,39326,HomeImp,ProfExe,11,0,0,183.0927495,0,12,23.09720188
7400,,44651,HomeImp,Other,2,0,0,271.9181691,0,25,42.9300431
11900,114329,143915,DebtCon,ProfExe,15,,1,185.5726683,0,32,28.97773866
17100,91502,113251,DebtCon,Other,18,0,0,289.9544006,0,16,24.45832061
16800,50050,140222,DebtCon,Other,4,0,0,272.4998353,5,43,40.03337824
15700,81709,111127,HomeImp,ProfExe,4,0,0,123.6244484,0,25,37.5606476
9000,8221,38290,DebtCon,Other,4,0,0,266.3837994,0,12,23.70306719
13900,155486,178789,DebtCon,ProfExe,7,,1,192.482316,4,26,41.17671183
25000,65700,93400,DebtCon,Office,10,0,0,149.1666667,0,21,
20000,29400,52000,DebtCon,Other,,0,0,219.1333333,0,13,
12800,75139,105289,HomeImp,ProfExe,8,0,0,151.8511659,0,35,31.21070474
18500,23618,37539,,Office,1,0,0,199.7237771,0,15,36.9827292
17200,39316,66978,DebtCon,,4,0,0,99.98597596,1,10,26.43708406
23600,56023,83659,DebtCon,Mgr,5,0,0,267.7555345,2,25,32.20078133
10100,137299,200339,DebtCon,ProfExe,0,0,0,66.35759046,2,23,35.2377013
11100,67366,102936,DebtCon,Other,9,0,0,213.2814957,0,20,19.07865117
20100,45764,79967,,,,,,,,,38.64772791
8300,14601,66143,HomeImp,Office,24,0,0,320.2348822,1,12,40.01507057
6900,,36191,HomeImp,Other,,,,311.8698993,,12,30.79062077
19700,70709,97394,DebtCon,Mgr,0,0,0,94.86046638,0,17,25.55670764
17800,51689,115660,DebtCon,ProfExe,16,0,0,270.044991,0,19,27.46700181
19000,145800,190300,DebtCon,ProfExe,13,,,109.6666667,1,24,
15000,59000,86420,DebtCon,Office,1.5,0,0,160.3,0,25,
5700,71556,79538,HomeImp,Other,2,0,0,92.64308456,0,15,41.21001247
43000,18388,64896,DebtCon,Other,20,0,0,207.0664633,0,31,40.77787713
21600,93937,147792,DebtCon,ProfExe,23,0,0,156.6673122,0,25,40.19063608
12300,152274,177940,HomeImp,Office,4,0,0,196.8767577,0,56,33.72276915
5400,86922,119846,HomeImp,ProfExe,5,0,0,185.0763473,1,28,26.3548893
21900,61838,92091,DebtCon,Office,5,,,171.5767001,,16,37.80040089
7800,,30320,DebtCon,Other,2,0,0,295.1134207,0,13,23.24567301
62900,119903,201928,DebtCon,ProfExe,9,0,0,297.3074808,1,25,37.63650245
11200,65508,103523,DebtCon,Office,12,0,0,154.4273677,0,12,37.5754361
12900,90646,100744,HomeImp,Other,19,0,0,141.2084606,3,23,31.52637971
16300,102826,114692,DebtCon,Other,8,0,0,317.5079738,1,18,31.91423801
12800,29100,39264,HomeImp,Other,7,0,0,93.39500247,2,12,31.28306102
17700,36253,57420,DebtCon,ProfExe,3,0,0,267.7835088,1,34,37.93457008
8000,41000,54000,DebtCon,Mgr,4,0,0,189.7,1,22,
6300,,72890,HomeImp,Office,1,0,0,41.25011359,0,3,39.19806822
22800,76733,105624,DebtCon,Mgr,1,,,225.3275079,5,23,40.69195368
21900,63967,102113,DebtCon,Office,10,,0,107.4498947,2,19,36.1837344
10500,64331,65040,HomeImp,Other,4,0,0,66.54105782,1,20,42.33212434
24700,111107,163926,DebtCon,Mgr,15,0,1,170.6294314,1,26,32.93429181
50800,,86207,HomeImp,Self,9,0,0,167.8236105,0,21,26.65051224
22000,71858,99000,DebtCon,Other,18,0,0,201.8666667,1,13,
15100,,32289,DebtCon,Other,13,,,81.95405483,1,9,33.53470838
9300,39307,51680,DebtCon,Office,8,0,0,196.0146349,0,23,30.7315717
25800,,51824,DebtCon,Other,,,,89.59981508,,12,28.54647846
27100,33649,63214,,Office,2,0,0,113.0367365,2,6,37.83786387
26400,153853,188760,HomeImp,Self,2,0,0,172.5708333,0,17,43.35819405
21000,86545,118000,HomeImp,Mgr,9.9,0,0,121.7666667,2,24,
27100,24494,77479,DebtCon,Other,,1,1,101.3129167,1,26,31.12455386
10100,93085,110069,DebtCon,Other,13,0,0,206.799179,3,16,40.56989706
20900,69233,105434,DebtCon,Other,,2,0,242.1642572,1,13,40.16365053
31000,51370,103298,DebtCon,Office,0,0,0,175.6096146,2,25,38.09341464
26300,,43472,DebtCon,Other,,,,90.08032697,,12,28.68850032
21900,53598,74780,DebtCon,ProfExe,10,0,1,191.5519093,1,42,40.49010197
12100,13218,82386,DebtCon,Other,7,0,0,262.3942543,0,14,18.43047238
17800,58942,91483,HomeImp,ProfExe,5,0,0,123.7366744,0,13,28.15595999
15100,73505,109656,DebtCon,Other,5,0,0,81.96415129,2,13,36.46121054
13300,,27136,HomeImp,,27,0,0,210.9969755,1,4,23.80714773
15900,96854,156450,DebtCon,Mgr,1,0,0,212.6660046,0,19,40.21338458
12100,83557,98881,HomeImp,ProfExe,6,0,0,102.2257045,1,26,25.78278709
28900,89945,124453,DebtCon,Other,2,0,0,194.9102495,2,25,42.71977457
14900,49849,70075,DebtCon,Office,0,0,0,153.691869,0,25,30.9009156
10400,64336,77564,DebtCon,Office,4,2,3,188.7800761,2,30,39.69998047
26700,73468,108774,DebtCon,ProfExe,11,0,0,290.0805914,1,32,39.0422045
37200,35515,76591,DebtCon,ProfExe,6,0,0,203.7080546,1,17,22.43213209
38600,145590,209950,HomeImp,ProfExe,4,0,0,149.8811289,0,31,35.58278883
14600,16535,46993,HomeImp,Office,24,0,0,260.8915332,0,20,28.1898371
13900,77007,96718,DebtCon,ProfExe,8,2,0,183.6086672,0,30,26.43131452
27900,113843,156282,DebtCon,ProfExe,7,0,0,109.9596262,2,27,33.94246485
5500,87438,116679,HomeImp,ProfExe,6,0,0,186.424416,1,27,28.4175309
20500,173061,220886,DebtCon,Office,13,0,0,213.9143599,1,32,43.79573429
9000,64917,102270,DebtCon,Other,10,0,0,213.0333333,0,21,
12000,81000,105250,DebtCon,ProfExe,9,0,0,200.9,2,37,
15900,68079,90212,HomeImp,Other,,0,0,304.2447551,0,19,30.42200388
8600,57727,70828,HomeImp,Other,5,0,0,87.84531097,3,19,41.75352499
14900,22245,31531,DebtCon,Office,7,0,0,91.07421818,0,16,21.62058028
25500,26603,64347,,Office,1,0,0,117.432365,1,6,39.25791203
10800,49953,75322,DebtCon,Other,0,0,0,58.89273133,8,21,23.87594619
23900,,62276,DebtCon,Other,26,0,0,127.024625,0,8,20.40782558
14700,27235,39102,HomeImp,Other,8,0,0,71.42081509,2,11,29.15169816
16500,48491,112677,HomeImp,Office,2,,2,138.0960861,1,23,37.25333322
17000,118822,208429,DebtCon,Other,3,0,0,206.7370713,0,16,25.87399085
14700,65660,81937,DebtCon,Office,2,0,0,106.6575189,1,19,25.19780688
23700,104752,143913,HomeImp,,,,,,,,36.76101419
10800,59469,69834,DebtCon,Other,3,0,0,308.7591757,0,9,34.09578509
8500,61607,81126,HomeImp,Other,16,0,0,222.2111903,1,35,34.72969809
18300,121001,210685,DebtCon,Other,2,0,0,192.9772854,0,16,26.86050033
43100,13356,64852,HomeImp,Office,,0,0,320.3105483,0,19,15.60459962
15900,107336,120451,DebtCon,Other,1,0,0,123.4655194,2,21,37.99240801
10000,66000,89145,DebtCon,Office,9,0,0,215.0333333,3,29,
21800,,25566,DebtCon,ProfExe,8,0,0,114.5417511,1,19,21.82563105
30700,36804,83295,DebtCon,Other,,,,289.3998161,0,15,42.21386978
12900,45215,66162,DebtCon,Other,4,0,0,170.7645169,0,14,39.24801492
11800,112146,140781,DebtCon,ProfExe,14,,0,170.7005075,0,32,29.9424924
14700,49264,68591,DebtCon,Other,9,0,0,237.8391591,0,18,31.25670012
25000,94000,141750,DebtCon,Mgr,22,0,0,209,0,13,
6800,136951,160306,HomeImp,ProfExe,11,0,0,219.7356734,1,18,20.8850935
27700,25947,49836,DebtCon,Other,24,0,0,120.0258521,0,10,23.81017336
8000,53000,65960,HomeImp,Other,7.5,0,0,132.5666667,0,17,
8300,54039,89301,HomeImp,Other,18,0,0,173.1913224,0,28,26.26681575
12700,58606,83010,DebtCon,Other,1,0,0,125.3258854,3,11,35.99961072
17500,101354,117209,DebtCon,ProfExe,1,0,0,136.1582225,0,30,36.8517233
50300,,88313,HomeImp,Other,,0,0,344.4097766,0,7,22.16959631
12800,58592,87002,DebtCon,Office,13,0,0,139.5308428,0,24,37.53107709
17200,48999,76544,DebtCon,ProfExe,5,0,0,240.5227465,3,31,32.84175391
31900,16363,43218,DebtCon,Other,29,0,0,200.3016025,0,14,42.09417911
16700,12830,56465,DebtCon,ProfExe,3,0,0,301.1485223,0,15,18.25148086
20900,59228,92224,DebtCon,Office,1,0,0,157.0711836,1,21,37.67720937
13500,68262,93841,HomeImp,Office,26,0,0,159.61702,1,14,40.75298037
31700,55247,103246,DebtCon,Office,3,0,0,177.2769279,1,25,35.30277411
6500,33639,37345,HomeImp,ProfExe,11,0,0,191.0756559,0,13,24.22731934
24100,,49433,DebtCon,Other,,,,83.09972613,,13,26.14897018
25600,241570,264772,HomeImp,Self,4,1,0,260.7419889,2,50,37.37997465
24500,,149489,,,,,,,,,15.44348605
88800,53307,94058,DebtCon,Other,16,0,0,218.3049777,0,15,34.24246473
8400,75912,95329,DebtCon,Mgr,18,0,1,294.1642246,0,24,38.64180454
9700,8852,60599,HomeImp,Other,7,2,1,359.1044913,1,21,16.87198276
26000,81764,118388,DebtCon,ProfExe,9,0,0,130.1924181,0,18,28.15413466
22600,133264,172882,DebtCon,ProfExe,6,1,0,190.2475602,0,37,19.97395503
19000,43479,78631,DebtCon,Other,1,,1,301.4036915,1,10,38.25309688
16800,67049,89729,HomeImp,Other,,0,0,286.3751286,0,20,28.73912802
22400,71784,101695,DebtCon,Other,,2,1,239.903304,2,14,42.81636756
9300,30204,57036,,Other,30,0,0,235.492813,0,19,23.13784056
8300,44783,63424,HomeImp,Other,2,0,,97.90083621,,12,36.5878698
20500,93761,94895,DebtCon,ProfExe,1,1,0,118.276051,0,20,33.70161545
11100,61856,77275,HomeImp,Other,4,0,1,243.7137741,1,16,36.56411956
15000,95300,135700,DebtCon,Office,3,,,115.6666667,3,16,
9200,19756,26140,DebtCon,Other,0,1,0,0.486711451,9,7,27.07525664
10300,54925,84078,HomeImp,Other,2,0,1,189.6952729,0,13,29.13369741
12600,84933,110253,DebtCon,ProfExe,8,0,0,192.4226063,1,37,40.84507779
50000,174900,250000,DebtCon,ProfExe,5.5,0,0,235.4333333,2,33,
21500,100727,146904,HomeImp,ProfExe,11,0,0,153.2238882,1,23,34.96596275
11100,148235,182053,HomeImp,Office,4,0,0,198.8097171,0,55,33.53872615
21000,63405,86804,DebtCon,Office,5,,,156.8727507,,15,37.43378459
21200,70096,108632,HomeImp,Other,4,0,0,200.0149175,1,13,29.64128644
12300,27859,48393,HomeImp,Other,10,0,0,82.76016033,0,3,34.38536707
26100,150464,203202,HomeImp,Other,10,0,0,248.4819453,1,33,43.11219067
15400,50121,67755,DebtCon,Other,3,0,0,168.748032,0,14,37.56086276
25400,82553,107422,DebtCon,Mgr,9,1,0,305.7597054,2,29,32.72167844
13100,,47568,HomeImp,Other,0,0,0,319.5959373,0,8,25.83678517
14700,47177,68456,HomeImp,ProfExe,3,0,0,193.6850688,2,18,34.54253324
8200,66254,74994,DebtCon,ProfExe,7,0,0,60.38486252,1,24,39.72610514
25200,137054,207511,HomeImp,ProfExe,4,0,0,188.5746595,0,27,39.96388766
24900,,48291,DebtCon,Other,,,,94.07837758,,12,25.61784573
11400,43530,56600,HomeImp,Other,21,0,0,114.982979,0,23,39.4816629
42200,,55578,DebtCon,Other,,6,,115.8781891,,20,28.23841231
12900,70167,90812,HomeImp,Office,25,0,0,177.0806266,2,13,40.22569567
8200,172497,249071,DebtCon,Sales,,0,0,114.9819744,0,21,41.09802515
26100,20566,50534,DebtCon,Other,24,0,0,140.5532102,1,10,24.09826676
6900,97662,110046,HomeImp,Office,24,0,0,111.1233973,0,11,37.25315085
17000,97713,164869,,Other,,0,,253.4763166,,23,36.45229579
42600,22446,66485,DebtCon,Other,17,0,0,204.2036332,0,30,41.15627594
16100,49244,65523,HomeImp,Office,2,0,0,110.2198934,0,17,31.00152371
5500,71644,72696,HomeImp,Sales,4,2,0,150.8658451,0,22,40.44256779
26300,,45913,DebtCon,Other,,,,92.57722408,,13,27.92400089
13700,59530,81068,DebtCon,Other,0,0,0,108.0191417,3,10,37.84664809
10000,87579,105000,DebtCon,Other,13,0,0,209.9666667,3,16,
10000,63218,76500,DebtCon,Office,5,2,3,183.6666667,3,30,
17800,100277,163702,,Other,,1,,256.8544712,,24,36.35403645
16900,31143,75125,HomeImp,Other,,1,0,237.1790454,0,49,42.13228057
10000,59764,77870,DebtCon,Sales,7,0,0,136.9,0,35,
15200,41049,50892,DebtCon,ProfExe,1,0,0,276.1673578,1,34,38.37983372
27200,83894,121302,DebtCon,ProfExe,6,0,1,124.2746965,0,18,29.73248931
13900,47741,69111,DebtCon,Other,2,0,0,254.2596131,0,21,28.88561818
40600,14534,60000,DebtCon,Other,20,0,0,206.9666667,1,31,
13500,91734,114906,DebtCon,Other,12,0,0,211.8769452,3,15,38.10420812
51000,39609,60837,DebtCon,Office,5,0,,178.8886708,0,16,30.84104501
13200,69195,79252,DebtCon,Office,13,0,0,248.7881304,3,37,41.90560462
16900,30856,56961,HomeImp,Other,11,0,0,116.8177074,1,10,20.34458217
34600,143542,195327,DebtCon,ProfExe,23,0,0,174.6353487,1,22,37.44738401
12800,77318,97616,DebtCon,Mgr,6,0,0,125.5348018,2,27,39.46266339
88500,50240,94687,DebtCon,Other,16,0,0,214.4262056,0,16,34.75115835
10200,70882,98154,DebtCon,Other,16,,,153.1181363,3,15,25.1199559
21800,48162,70361,DebtCon,Office,2,0,0,227.9862791,0,12,36.0618164
18600,72860,90347,DebtCon,Other,0,1,1,104.0404669,2,26,36.02592528
16500,44946,64918,HomeImp,Other,25,0,0,247.2784079,0,14,24.35794954
15300,127172,156578,DebtCon,Mgr,,0,0,213.2860218,0,19,36.29035353
14400,61121,88844,HomeImp,Other,,0,0,295.792111,0,20,30.30376695
22800,74979,109716,DebtCon,Mgr,9,0,1,289.8223697,1,28,31.47990688
12000,150000,175065,DebtCon,ProfExe,7,,1,206.6666667,4,26,
24200,49798,67458,DebtCon,Other,6,0,0,68.93111023,2,18,36.46436586
21600,45421,75632,DebtCon,Office,2,0,1,230.2422347,0,11,33.45738088
11100,35782,45550,HomeImp,Other,8,0,0,109.2843458,0,3,36.15980592
35700,238104,43026,DebtCon,Mgr,3,0,1,206.6470786,3,49,41.27663712
50900,,85196,HomeImp,Other,,0,0,351.4508781,0,6,21.59548
27500,,40807,DebtCon,Other,8,1,,95.53351917,,13,20.39892362
21400,7259,24770,DebtCon,Other,,0,0,62.26356587,2,18,41.57670052
14900,101179,117405,HomeImp,Office,2,0,0,133.9305097,1,22,35.54740722
12000,94000,112125,HomeImp,Office,2,0,0,143.0333333,1,22,
14000,92583,114379,DebtCon,Other,10,0,0,169.4483417,0,27,34.1307686
9200,92395,114494,HomeImp,Office,24,0,0,130.3767882,1,11,39.11215036
15400,25822,43334,,Office,1,0,0,211.0166419,0,15,40.52940513
13600,55901,87519,DebtCon,Office,13,0,1,107.9131329,0,23,36.3270224
15100,127045,163833,DebtCon,Office,4,0,0,135.9752767,0,21,25.86181234
15900,97478,120514,DebtCon,Office,1,,3,264.2609164,1,29,41.84027524
24300,50826,68199,DebtCon,Other,7,0,0,71.1819889,1,19,36.49620108
16600,97749,164103,,Other,,1,,263.8467774,,23,37.38685429
24300,21660,48475,DebtCon,Other,26,0,0,102.7828355,0,10,23.24795828
20000,170706,224233,DebtCon,Office,11,0,0,207.0346845,0,32,41.10248922
18600,20915,40098,,Office,2,0,0,213.4505369,0,16,40.25003373
47600,39364,108232,HomeImp,Self,9,0,0,199.3332859,2,35,40.18942197
12000,30777,43157,DebtCon,Other,8,,0,151.699431,7,28,38.17774295
9600,84333,201281,HomeImp,Self,14,0,0,13.21305726,,7,17.82563094
33700,132617,172152,DebtCon,Mgr,15,0,0,178.4111833,1,28,42.45764485
28900,,117991,DebtCon,Mgr,7,0,0,159.5500246,0,27,32.16500253
11200,29348,87351,HomeImp,ProfExe,20,0,0,224.3948946,0,11,26.1296273
11900,201264,227295,HomeImp,ProfExe,10,0,0,239.7433663,0,22,33.77633696
16100,99844,114647,DebtCon,Other,11,0,0,169.983556,0,27,33.52327854
59500,47485,69981,DebtCon,Other,4,0,0,100.1393112,0,20,29.47367331
53800,,81322,HomeImp,Self,9,0,0,171.4475547,0,22,24.70906036
5100,85583,115341,HomeImp,ProfExe,7,0,0,177.9582551,1,28,26.25797013
54000,176922,256977,DebtCon,ProfExe,6,0,0,225.5657,2,33,37.98968921
10300,65876,80064,DebtCon,,3,0,0,220.8259789,0,15,30.633131
25100,118559,150172,DebtCon,Office,4,,,279.1980214,1,37,42.98797946
20100,137009,286955,HomeImp,Mgr,3,0,0,196.9841162,0,14,30.08535009
6200,133882,155222,HomeImp,ProfExe,9,0,0,212.5376432,0,19,20.61678366
21600,41105,65411,DebtCon,Other,25,0,0,303.2340527,3,32,35.24732771
22100,24000,49000,DebtCon,Other,14.4,0,0,109.5666667,2,25,
12400,132894,198168,HomeImp,Office,0,0,1,355.1639113,0,16,40.54029537
24500,33537,57048,DebtCon,Other,14,0,0,99.37613252,1,24,28.49500481
14500,41911,54985,DebtCon,ProfExe,4,0,0,254.6645258,0,35,38.72467961
14800,30282,61986,DebtCon,ProfExe,7,0,0,249.2488046,0,16,21.00928089
10600,63245,82041,DebtCon,Office,3,1,3,184.5725782,3,29,38.21903431
12800,67867,78660,DebtCon,Other,3,,,159.8014934,,34,30.01090961
11400,59813,72873,DebtCon,ProfExe,13,0,0,234.3302405,4,31,39.35147085
22900,28217,52804,DebtCon,Other,14,0,0,109.3656846,1,25,30.58772816
13300,,72583,,,1,0,0,,0,0,3.72042142
16600,71096,104437,HomeImp,ProfExe,9,0,0,246.9596363,1,12,37.09953261
18400,94952,129177,DebtCon,ProfExe,12,,,140.4807035,,24,29.96750585
17400,25859,43684,DebtCon,Mgr,16,1,0,95.36306868,1,17,27.10761957
18900,83474,104133,HomeImp,ProfExe,4,0,0,109.9887849,1,24,38.86401954
6400,70035,78635,DebtCon,Sales,3,0,0,147.0771635,0,31,31.20612976
16500,23169,41677,DebtCon,ProfExe,20,0,0,208.0769432,2,15,34.43057515
42800,7382,71331,HomeImp,Office,,0,0,321.7808575,0,19,16.54506284
11500,64371,73636,DebtCon,ProfExe,2,0,0,162.1162539,1,35,39.79119896
32400,128523,179390,DebtCon,Mgr,13,0,0,150.0842871,1,28,43.14434551
35200,239513,37076,DebtCon,Mgr,0,0,1,183.3734524,2,49,40.7798487
9900,26427,87134,HomeImp,ProfExe,20,0,0,244.3652465,0,11,25.00396549
20200,41479,70102,DebtCon,Office,5,0,0,172.9117149,2,26,33.83467117
7100,58639,72412,DebtCon,ProfExe,14,0,0,120.0334646,0,20,43.67874666
17700,107395,133433,DebtCon,ProfExe,6,0,0,96.15756174,0,13,27.59227738
18700,118208,130216,DebtCon,,14,0,0,190.9573245,0,17,40.74823463
16200,62783,94394,DebtCon,Office,1,0,0,167.429347,0,25,23.69115685
17600,56090,103992,HomeImp,Other,1,0,2,46.87513575,1,10,39.08182644
19800,13830,85587,DebtCon,Other,20,0,0,229.5182951,3,40,35.31106586
30500,57516,103086,DebtCon,Office,3,0,0,166.1995272,2,24,37.81408909
22200,45148,85341,HomeImp,Other,24,0,0,275.601041,1,7,23.46160875
6300,44226,57779,DebtCon,,7,,0,63.62641325,,16,33.11182911
34100,241931,36486,DebtCon,Mgr,1,0,2,196.0088316,3,50,42.45858179
13900,41641,53200,DebtCon,Other,,0,0,83.06246819,0,15,42.40363421
19700,5700,24457,DebtCon,Other,,0,0,60.15632991,1,19,41.36387828
68700,197356,291242,DebtCon,Self,10,0,0,217.8016474,2,24,29.42305804
23000,68275,89967,DebtCon,ProfExe,8,1,0,140.7144149,4,25,33.6949437
11600,64143,78851,DebtCon,Office,6,0,3,201.369922,3,29,35.79580494
12100,50100,66410,DebtCon,Other,3,0,0,176.0098643,0,14,28.54860369
27300,,37531,HomeImp,Other,22,0,0,82.66026948,2,14,29.60984756
79100,23553,103807,HomeImp,,25,0,1,142.1934579,0,13,31.4699374
8400,82597,83858,HomeImp,Other,25,0,0,350.5681362,1,47,28.91075714
12000,88000,118750,HomeImp,Mgr,3,0,3,153.5,0,26,
28700,131767,214558,DebtCon,ProfExe,10,0,0,238.794891,2,27,20.52327227
12000,35721,52938,HomeImp,Other,23,0,1,125.928071,0,22,38.62702499
52900,48825,59418,DebtCon,Office,13,0,0,102.338683,1,25,38.75199499
15700,83830,122719,,,,,,,,,35.16514615
15000,94705,114400,DebtCon,Other,9,0,0,300.2666667,2,19,
8000,38758,46466.26,HomeImp,Mgr,21,1,1,229.3,1,18,
28200,61038,87534,DebtCon,Other,8,0,0,137.4878193,3,30,39.3600186
22400,62354,88287,DebtCon,Office,3,,,163.0564094,,16,37.17139554
21700,70252,186320,,Other,11,0,0,356.886499,1,16,30.18400134
6000,129731,154113,HomeImp,ProfExe,12,0,0,213.5333333,0,19,
25500,44562,79481,DebtCon,Other,10,0,0,126.2778082,1,19,40.25073803
17000,51018,108148,HomeImp,Office,0,,2,114.9462923,0,23,40.24125987
7100,54700,68500,DebtCon,,19,0,0,155.2,1,12,
17100,74922,91187,DebtCon,Mgr,0,0,0,80.58265559,0,16,26.76776884
13700,84761,95382,HomeImp,Office,,0,0,171.9458387,1,25,41.96010591
13700,53094,79069,HomeImp,Other,2,0,2,155.8152865,0,13,29.55636639
25000,84000,120000,DebtCon,Other,1.5,0,0,188.7682131,2,25,
4500,66127,79087,HomeImp,Other,4,1,0,81.3490651,0,15,40.70530876
11700,95411,117927,DebtCon,ProfExe,14,0,0,177.9266958,1,17,34.49056413
18500,14111,71628,DebtCon,Office,,0,0,246.9909305,0,22,39.61154172
30000,187000,293000,DebtCon,Other,28,0,0,156.6333333,0,23,
22500,75010,114769,DebtCon,Mgr,9,0,1,294.2971661,1,28,30.61105116
5400,68625,82304,DebtCon,Sales,2,0,0,136.6329442,0,30,32.05002349
13300,74609,115056,DebtCon,Other,6,0,0,77.4451063,2,14,36.86921264
9800,69919,100267,DebtCon,Other,16,,,130.8860074,3,15,26.83504341
10100,114590,215784,HomeImp,ProfExe,2,0,0,123.1691828,0,14,27.84508378
65800,71611,146689,HomeImp,Office,8,0,1,132.8466231,0,11,41.7807059
17500,49968,68025,HomeImp,Office,3,0,0,126.0794526,0,18,34.10902705
28300,137159,186153,DebtCon,Mgr,0,,,112.1728125,,38,29.87473149
12000,63019,74204,DebtCon,Office,6,0,0,98.59173833,2,14,24.49043836
18000,56000,78000,DebtCon,,4,0,0,108.5333333,0,16,
3600,83700,111800,HomeImp,ProfExe,6,0,0,192.7333333,1,28,
8000,63700,79754,DebtCon,,3.8,0,0,208,0,16,
17300,110614,137552,DebtCon,ProfExe,6,0,0,85.23250072,0,13,31.34436552
20700,71408,103991,HomeImp,Other,4,0,0,208.3517505,1,12,31.32739444
16500,44330,72618,DebtCon,Other,6,0,0,101.4953657,2,15,41.4570252
22700,91303,98362,HomeImp,,7,,,,,,30.68101515
21200,103264,148968,HomeImp,ProfExe,8,0,0,161.8591186,1,22,34.54854127
21600,77139,185494,,Other,11,0,0,358.4284243,0,17,33.16743122
19100,73217,93033,DebtCon,Other,1,2,1,113.6945661,2,26,36.38416382
21100,143487,180122,HomeImp,Mgr,7,0,0,324.1633286,0,16,43.25118252
19900,25589,90051,DebtCon,ProfExe,8,0,0,138.9905144,0,20,30.27109245
3800,,73189,,,,,,,,,22.25394916
25700,63054,104624,DebtCon,Other,15,0,1,132.1071172,0,29,40.20529288
29300,68024,115954,HomeImp,Other,6,,,109.9150205,11,21,44.36917076
6700,66587,70710,DebtCon,ProfExe,9,1,0,43.92338263,1,24,39.73857627
10200,77571,102732,HomeImp,ProfExe,6,0,0,100.6296635,0,34,37.36151357
10900,45028,61014,DebtCon,Other,10,0,0,72.49466093,0,23,35.66764597
22400,38669,105881,HomeImp,Other,6,0,0,125.2428417,0,14,32.77827083
9400,122412,178547,DebtCon,Other,7,0,0,226.0888071,0,19,35.46338698
10100,45493,54605,HomeImp,Mgr,21,0,1,234.5917784,0,18,36.59466404
17400,43110,73614,DebtCon,Mgr,1,0,0,114.2891824,1,8,26.37910802
24400,93411,140031,HomeImp,ProfExe,6,0,0,177.5112494,0,32,31.02733592
24000,31243,50602,HomeImp,Self,3,1,,135.1985187,,11,25.35716493
21300,72450,88622,DebtCon,Other,3,0,0,117.2101261,1,29,32.66110554
18400,63569,95729,HomeImp,ProfExe,23,0,0,237.2759487,0,23,38.41536702
10300,74624,96697,DebtCon,Office,7,0,0,217.2353212,3,28,41.51130079
18000,,53365,DebtCon,Other,,,,340.460801,,17,30.57565003
18600,14167,71194,DebtCon,Office,,0,0,264.0171241,0,21,40.24690114
16400,57139,164133,DebtCon,ProfExe,21,0,0,238.4610031,0,27,22.20684602
6400,81116,86148,HomeImp,ProfExe,8,0,0,262.1754261,0,11,42.06826818
17100,22162,128989,DebtCon,Other,11,0,0,367.9970935,0,9,40.64091611
11100,50350,58837,DebtCon,Other,6,0,0,80.84321682,0,10,28.79316627
19200,101641,160839,,Other,,1,,260.8349929,,23,37.12360431
26200,149599,181869,DebtCon,Other,1,0,0,204.0289898,0,35,39.80087956
10700,67523,85560,DebtCon,Sales,5,0,0,126.8429349,0,35,26.00166533
22500,,42800,DebtCon,Other,,,,89.3,,13,
8700,79062,98038,DebtCon,ProfExe,4,0,0,139.2640336,0,26,33.57803554
20400,81823,114832,DebtCon,Mgr,18,0,0,234.3920415,4,31,35.20581884
14600,54040,66442,DebtCon,Other,6,0,0,237.5992543,0,18,34.88343531
13100,44817,59544,DebtCon,Other,,0,0,71.46170475,0,15,41.60981324
10300,,51053,HomeImp,Other,10,1,0,306.9922054,2,12,34.48387842
15400,28669,43078,DebtCon,Mgr,14,1,0,108.1988949,1,17,24.67417485
6800,75964,88754,DebtCon,Mgr,19,0,1,298.7004822,0,23,39.10750164
19500,8861,170687,HomeImp,Mgr,23,0,0,76.78849548,2,20,31.58400286
18900,44605,65489,DebtCon,ProfExe,15,0,0,189.0084559,0,23,38.57108327
11300,54984,63958,DebtCon,Mgr,4,0,0,190.92093,1,16,28.08685484
20500,183000,230000,DebtCon,ProfExe,2,0,0,288.8666667,1,27,
18000,88000,131300,DebtCon,Mgr,14,0,0,179.5666667,2,26,
34000,232312,286305,DebtCon,ProfExe,4,0,0,219.6589319,0,29,15.73593489
26500,34678,68000,DebtCon,Mgr,14,1,0,88.3,6,16,
15900,112973,129878,DebtCon,,17,0,0,179.1340086,0,17,39.19202587
12600,76002,94236,DebtCon,Other,11,0,0,164.7623042,5,21,39.52570494
22700,73280,92961,DebtCon,ProfExe,8,0,1,109.5702924,3,26,34.61442256
27000,54834,85391,DebtCon,Other,9,0,1,132.5785446,2,30,39.30573912
25500,79689,117577,DebtCon,ProfExe,9,0,0,114.9684987,0,19,26.48488637
16000,66395,85782,DebtCon,Other,1,2,1,99.51921755,1,25,33.20696963
9100,,74450,,,,,,,,,23.94251651
8500,78346,82226,HomeImp,Other,22,0,0,320.3495426,1,47,30.19939952
25100,147622,187441,HomeImp,Self,3,0,0,170.4807208,0,16,41.52143161
5000,74225,89640,DebtCon,ProfExe,0.3,,,,,,
7600,,40341,HomeImp,Other,3,0,0,265.0204754,1,25,43.30010531
10200,,64377,HomeImp,Other,,0,0,347.2450131,0,6,37.77468156
12800,117391,210072,HomeImp,ProfExe,1,0,0,136.6209694,1,14,27.12488931
17100,49951,111291,HomeImp,Office,1,,2,151.1045925,1,23,39.48719814
10800,83441,92148,DebtCon,Mgr,5,0,0,119.145844,1,26,40.97863532
32300,195243,294372,DebtCon,Other,27,0,0,150.2093805,0,22,39.07277566
14800,43983,60826,DebtCon,,4,1,1,113.8979666,1,9,27.10808171
17800,44326,79651,DebtCon,ProfExe,4,0,0,246.7969491,3,32,32.50901207
4300,72021,80027,HomeImp,Other,2,2,0,263.9703003,0,5,36.43209394
18100,27186,77694,HomeImp,Other,,0,0,249.4133616,0,50,43.72793048
28500,73188,111925,HomeImp,Other,5,,,123.6131744,11,21,44.52055475
14500,52440,62150,DebtCon,Other,4,0,0,174.6769004,0,13,27.19172091
15400,10074,57135,DebtCon,ProfExe,4,0,0,310.3667568,0,16,17.60120617
19800,47488,77916,,,,,,,,,37.3082467
7400,73985,114849,DebtCon,Office,0,0,0,238.5863034,1,38,18.42136986
11300,56651,71353,HomeImp,Other,29,1,2,176.9129878,1,24,38.54444186
28300,,29512,HomeImp,Other,24,0,0,78.10906973,2,14,30.51328344
17300,65136,83847,DebtCon,Office,6,0,0,127.0999737,0,20,24.5182717
20400,52109,100316,DebtCon,Office,0,0,4,166.9381999,0,46,35.52622751
20100,14749,74584,DebtCon,Office,,0,0,252.6059316,0,22,38.80187707
23500,,59600,DebtCon,Other,26,0,0,127.8,0,9,
16100,,29725,DebtCon,Other,11,,,85.95153044,2,8,33.49604656
22400,18371,38311,DebtCon,Other,1,0,0,37.23500048,2,3,29.4760034
18400,65519,89276,DebtCon,Other,0,1,2,123.098552,2,26,36.35420324
25000,140000,183600,DebtCon,ProfExe,12.6,0,1,148.1333333,0,37,
27200,145725,179197,DebtCon,Other,1,0,0,183.3762884,0,34,40.28747993
14100,36309,53321,HomeImp,Other,8,0,0,110.2063505,1,10,19.18791401
51600,31536,81233,HomeImp,Other,2,1,0,267.1343742,6,13,40.15503117
12600,85335,97094,DebtCon,Other,2,0,0,116.086609,1,32,40.84524619
8500,,42980,HomeImp,Other,,,1,76.01075257,0,9,37.6596682
17000,97517,141718,DebtCon,Office,2,,,128.4175979,3,15,31.16602944
15900,94078,118359,DebtCon,Other,13,0,0,125.5519994,1,8,37.78182264
35000,197906,265000,DebtCon,ProfExe,4,0,0,246.5666667,0,32,
13800,,43082,HomeImp,Other,0,0,0,316.0362444,0,9,26.16601382
16900,47129,62342,DebtCon,Other,15,0,0,290.1489212,0,21,30.3185968
8500,6424,32365,,,,,,,,,33.9044645
24500,,51623,DebtCon,Other,,,,91.86238836,,12,28.87957066
15600,68056,103179,HomeImp,ProfExe,7,0,0,263.3894092,1,12,37.1830778
21000,101678,144063,HomeImp,ProfExe,9,0,0,167.7183935,0,22,32.20492622
35100,33844,55100,DebtCon,Other,,0,0,,6,0,34.70302378
16100,76981,106014,DebtCon,ProfExe,0,0,0,269.3426287,1,21,39.79911228
6800,57439,74816,HomeImp,Mgr,2,0,2,126.3032351,0,22,27.11865353
12800,,,,,,,,,,,24.65967048
3600,61327,76484,HomeImp,Mgr,9,,2,202.5107752,0,25,41.5163897
6600,,48800,HomeImp,,0,0,0,,0,0,12.21943615
9400,77410,116693,DebtCon,Office,0,0,0,245.0836519,0,37,17.17690066
9200,69657,89082,DebtCon,,3,0,0,217.3211547,0,16,28.74989037
18500,49367,71485,DebtCon,ProfExe,10,0,0,175.3870489,1,42,37.77222165
7400,82412,91326,DebtCon,Mgr,19,0,1,316.9470825,1,24,37.90875019
30800,125787,175196,DebtCon,Mgr,13,0,0,157.8776807,2,29,41.35097453
10000,84580,118924,HomeImp,Office,31,0,0,341.9449756,2,37,35.24889763
10400,63505,75811,DebtCon,Other,3,0,0,182.0920717,2,17,33.69078564
20500,87892,136867,DebtCon,Other,10,0,0,96.92964469,3,15,40.16291939
29200,50105,83815,DebtCon,Other,21,0,0,188.2010287,0,26,35.59575067
17800,83080,108348,HomeImp,ProfExe,1,0,0,132.6098608,0,25,36.45908768
38000,58200,108000,DebtCon,Mgr,16,0,1,195.8333333,0,22,
26100,,35271,DebtCon,Other,9,0,,96.52831616,,14,23.31865001
33200,119049,175867,DebtCon,ProfExe,17,0,0,112.4677853,0,16,28.51781662
14500,,35183,DebtCon,Other,12,,,94.36324735,1,8,32.60500098
25900,59575,85837,DebtCon,Other,22,0,1,189.7553505,0,19,24.87461511
11600,,36474,HomeImp,Other,,,1,93.72713803,0,10,37.20295356
19400,52677,80424,DebtCon,Mgr,9,2,0,65.84753037,2,28,34.9508231
13700,38981,67536,DebtCon,Mgr,,,,,,,35.18815986
12200,57785,72971,DebtCon,Other,2,0,0,166.8994602,1,16,34.70964393
17600,44571,66088,HomeImp,Office,2,0,0,126.0903816,0,17,30.87190179
15900,16744,52234,DebtCon,ProfExe,3,0,0,288.4159495,0,16,17.45222743
19200,68902,98737,DebtCon,Office,1,0,0,166.8165741,4,19,33.03507598
27000,54515,82539,DebtCon,Other,20,0,0,203.8613989,0,26,37.11235228
15300,109767,117552,DebtCon,ProfExe,0,0,0,125.9425923,0,30,37.68939304
9500,41541,57280,DebtCon,Other,6,0,0,69.22936935,1,10,29.16012708
15600,51990,141518,DebtCon,Other,1,0,0,272.5030662,3,43,39.30182319
23600,50424,70281,DebtCon,Other,24,0,0,312.7384712,4,31,35.77167592
24800,109084,140355,DebtCon,Mgr,11,2,0,183.7952585,5,18,40.60479583
16000,96000,160050,,Other,,1,,260.7666667,,24,
8500,50031,57276,DebtCon,Office,0,0,0,171.2128147,0,21,35.15870257
33300,19675,47894,DebtCon,Mgr,6,0,0,42.43527965,0,7,36.66861708
17300,79412,114906,DebtCon,Mgr,17,0,0,247.3605705,4,30,36.53643556
18900,127269,203737,HomeImp,ProfExe,14,0,0,206.2000368,0,21,36.27285836
8500,49266,64461,DebtCon,Other,22,0,0,264.4080231,3,29,37.97675792
42900,101731,155688,DebtCon,Other,14,,1,235.352057,3,30,43.18142449
13600,66098,76014,HomeImp,Office,12,0,0,245.6056956,1,32,43.39620459
8200,,49362,,,,,,,,,11.76969215
14400,89605,106290,HomeImp,Other,20,0,0,121.7476008,4,24,29.30354901
50400,53024,65024,DebtCon,Office,12,0,0,103.1857617,1,25,40.86786973
40800,127034,198587,DebtCon,Mgr,,1,0,186.5429439,0,25,35.40002128
14700,106417,123580,HomeImp,ProfExe,9,0,0,166.4960653,3,31,29.31671006
30300,54352,79302,DebtCon,Office,0,0,0,152.2027769,3,19,41.62936282
17000,134689,158661,DebtCon,Mgr,,0,0,227.3954647,0,19,36.42557176
34000,57025,103563,DebtCon,Office,3,0,0,173.4941319,2,24,36.91389765
8200,117314,132770,DebtCon,Self,4,0,1,176.3345415,0,19,34.55205243
20000,145000,117500,,ProfExe,5,0,0,96.4,3,34,
10000,127319,194992,HomeImp,Office,1,0,1,337.6899717,0,16,41.44750595
39000,36335,50704,DebtCon,Other,,0,0,,7,0,31.2443985
7400,88288,119677,HomeImp,ProfExe,5,0,0,194.37214,1,27,26.64608364
7900,44690,45841,DebtCon,Office,10,0,0,185.6215923,0,22,32.28572409
14000,83645,101615,HomeImp,ProfExe,5,0,0,116.3376843,0,26,28.29673484
13500,40786,66872,DebtCon,Mgr,,,,,,,35.36413972
27900,55859,92179,DebtCon,Office,0,0,1,94.93254438,0,23,33.09789894
24000,43427,68308,DebtCon,Other,25,0,0,302.772262,2,31,34.87185516
16700,11059,92706,HomeImp,Other,13,0,1,262.61034,0,23,29.88475774
8100,53863,74705,DebtCon,Other,0,0,0,66.29457039,8,21,26.04646942
5200,43039,53521,HomeImp,Office,11,,,184.2966873,,19,24.41476318
16000,71670,84124,DebtCon,Other,10,0,0,81.59612884,3,12,32.94889897
6500,78741,90599,DebtCon,ProfExe,0,,,,,,29.19886067
9000,56226,67466,HomeImp,Other,7,0,0,126.7450871,0,16,33.98784698
15700,122646,204282,DebtCon,Other,2,0,0,201.9237078,0,17,26.31831366
24900,51155,83000,DebtCon,Other,9,1,1,139.0333333,3,30,
14100,65994,80037,DebtCon,,8,,,,,,27.73520406
5600,76407,77485,HomeImp,Other,9,0,0,91.68377063,0,24,37.77335098
9100,24721,34462,DebtCon,Other,1,0,0,28.10052036,9,7,27.52068217
30400,45747,78829,DebtCon,Office,0,0,0,174.3637482,3,18,41.25679468
10100,49683,55728,DebtCon,Other,0,0,0,91.09579488,0,20,37.13310754
7700,70451,81862,DebtCon,Sales,3,0,0,141.2686711,0,31,31.68194302
13400,87175,115530,HomeImp,ProfExe,13,0,1,180.9451064,1,27,33.90005642
21800,96709,123613,DebtCon,Self,3,0,0,218.7303331,2,27,35.87449455
15700,48093,65686,DebtCon,ProfExe,3,0,0,149.9063788,1,12,30.48636123
7100,53273,54378,HomeImp,Other,5,0,0,84.83724997,0,17,22.86119965
19300,91004,116827,DebtCon,ProfExe,6,0,0,163.2821181,1,20,20.20603258
60000,122729,207797,DebtCon,ProfExe,9,0,0,313.3343967,2,27,35.02857792
18600,132785,155644,DebtCon,Mgr,,0,0,225.7275062,0,20,37.32857399
15700,35873,52800,HomeImp,Other,10,0,0,128.2359137,0,10,20.95025208
7900,40827,55757,DebtCon,Other,14,0,0,87.60346244,0,11,31.8505639
22800,62754,101781,HomeImp,ProfExe,19,0,0,628.9819479,0,24,20.20030223
16700,102687,137417,DebtCon,ProfExe,7,0,0,97.76351186,0,14,31.10800492
15700,46124,67964,DebtCon,ProfExe,6,0,0,155.7547891,2,12,28.79791858
6200,,80078,,,,,,,,,25.37554416
14900,89872,118027,DebtCon,ProfExe,0,1,1,155.4454529,1,34,33.13569677
17900,70444,95860,HomeImp,Office,7,,,95.68425477,0,11,38.14282274
22900,136032,180899,DebtCon,ProfExe,21,0,0,240.3474711,0,24,41.59674747
3200,74864,87266,HomeImp,ProfExe,7,0,0,250.6312692,0,12,42.90999735
11500,63136,81099,DebtCon,Other,3,,,149.0647448,,35,28.97594012
22900,131767,174684,,Mgr,24,,4,329.647795,1,28,32.36162706
30600,35332,71898,DebtCon,Other,10,,,115.2108955,,24,33.07135028
23500,37858,60890,DebtCon,Other,2,0,0,110.0572738,0,17,19.26843955
13600,66754,80156,DebtCon,Other,5,0,0,238.62182,3,26,31.55270697
15700,,28198,DebtCon,Other,12,,,87.62052637,2,9,32.44547552
27200,70730,93752,DebtCon,Office,8,0,0,165.9193329,0,20,36.17090549
18700,69954,104510,DebtCon,Office,10,0,0,211.2433112,2,13,33.54985877
10400,78320,100017,DebtCon,Other,10,0,0,167.4225397,4,21,41.97487828
14100,86996,108452,HomeImp,Other,19,0,0,134.9932518,4,24,29.77894608
12700,107653,129752,HomeImp,ProfExe,8,0,0,181.0272753,2,32,29.46672103
19700,49793,113200,DebtCon,ProfExe,16,0,0,251.1041979,0,19,25.03374576
15500,98646,115669,DebtCon,Other,13,0,0,177.5489659,0,26,33.350529
32100,120725,168783,DebtCon,ProfExe,15,0,0,121.5604199,1,17,27.90222161
19500,105000,138375,DebtCon,Office,12,0,2,219.1333333,0,25,
10400,64904,76767,DebtCon,Office,11,0,0,245.0180119,4,37,41.42384414
21300,185874,235968,DebtCon,ProfExe,3,0,0,291.8195388,1,26,36.99364995
19100,46406,64413,DebtCon,Other,16,0,0,285.7252577,0,22,30.77453617
30200,124000,171366,DebtCon,Mgr,13,0,0,176.5,2,28,
26500,,61089,DebtCon,Other,27,0,0,144.1920343,0,9,22.81386786
20600,44826,66226,DebtCon,Office,13,0,1,120.4332624,0,22,40.91194986
2900,104373,120702,HomeImp,Office,2,0,0,101.5402975,0,13,29.91585903
43200,367917,466755,HomeImp,ProfExe,3,0,0,312.3063392,4,15,42.62357404
10400,63626,79477,,Other,12,0,0,260.7972622,0,27,27.94286603
18100,27239,39723,DebtCon,Mgr,17,0,0,111.5322141,1,16,24.44945281
28500,49461,83352,DebtCon,Other,21,0,0,210.0250584,0,26,37.3017641
12100,48622,83158,HomeImp,Other,4,0,2,191.5692916,0,12,29.20449956
17600,,45119,DebtCon,Other,,,,354.7359192,,17,34.49504666
14900,82930,103352,HomeImp,ProfExe,6,0,0,105.675978,0,27,27.47381473
7200,71509,86484,DebtCon,,4,,,,,,20.09904978
6300,58052,70091,DebtCon,ProfExe,9,0,4,153.7804385,1,30,21.71959598
26100,75164,108483,DebtCon,Mgr,7,0,0,300.8359581,2,28,30.07140205
51700,183615,257077,DebtCon,ProfExe,4,0,0,213.7558502,2,32,38.95331304
13400,,33664,DebtCon,Other,13,,,108.2170094,2,8,31.61392956
15700,87754,103045,HomeImp,Other,21,0,0,147.450177,4,23,29.18174264
22400,74553,102373,DebtCon,Other,18,0,0,206.5813951,1,12,40.84802282
10700,110789,126781,DebtCon,Self,6,0,1,178.6374675,0,19,31.88893638
11500,59781,69864,DebtCon,Other,4,0,1,312.547396,0,9,31.18180135
8400,41656,51846,HomeImp,Office,10,,,190.0175026,,19,25.76896503
5100,87258,121382,HomeImp,ProfExe,6,0,0,181.6630402,0,28,25.44475915
17900,63559,81536,HomeImp,ProfExe,13,0,3,176.8707685,0,13,26.18976709
13000,26863,44218,HomeImp,Other,10,0,0,92.99959341,2,11,29.11293616
15700,64185,84000,DebtCon,Other,0.2,2,2,112.0333333,2,26,
49200,40694,69777,DebtCon,Office,3,1,,205.1048824,0,16,30.21490434
4300,71206,78698,DebtCon,Sales,3,0,0,129.932869,0,31,34.18137652
26400,128413,207302,DebtCon,ProfExe,9,0,0,228.0151317,3,26,17.87219518
25400,149364,210724,HomeImp,Other,10,0,0,266.5067241,1,34,41.61798303
15300,101311,113253,DebtCon,Other,0,0,0,140.0757712,1,21,40.66746229
26600,148986,175750,DebtCon,Other,1,0,0,197.3917133,0,35,40.51498958
18100,89454,119019,DebtCon,Other,13,0,0,127.2461963,1,8,37.52527269
5300,44993,50673,HomeImp,Office,7,,,184.7427672,,18,27.90612273
15400,50402,65561,DebtCon,Mgr,25,0,0,282.6229052,0,16,38.09790247
11900,97506,110902,DebtCon,Other,17,0,1,196.568128,2,15,37.99899138
9400,56675,66976,HomeImp,Other,6,0,0,128.071648,0,33,35.03337113
13900,84427,114209,HomeImp,ProfExe,12,0,2,180.1874224,0,27,33.35187025
15400,100848,129454,HomeImp,ProfExe,10,0,0,174.8965193,2,31,28.06559087
25700,50800,85000,DebtCon,Other,23,1,2,184.2666667,1,20,
24000,59300,88000,DebtCon,Other,16,0,0,97.93333333,1,17,
23500,90246,119320,DebtCon,Other,22,0,0,239.2596449,1,26,41.33669648
13900,85358,101401,DebtCon,Other,0,0,0,145.7941061,0,22,40.11441144
7200,79946,113807,DebtCon,Office,1,0,0,238.458825,0,37,18.61728869
36300,26662,70000,DebtCon,ProfExe,5,0,0,190.8,2,18,
9000,50513,61190,DebtCon,Other,5,0,0,75.38855124,1,11,30.49800512
10800,,49495,HomeImp,Mgr,5,,,141.1652982,,8,21.07999894
18400,16756,66340,DebtCon,Office,,0,0,239.8448526,0,21,38.6626294
18800,88828,116683,DebtCon,ProfExe,6,0,0,141.841398,1,20,21.67927834
16000,32918,52482,DebtCon,ProfExe,3,0,0,259.5710207,0,34,40.347344
10000,59828,72489,DebtCon,,18,0,0,157.2436625,1,11,31.62682193
26900,47882,78854,DebtCon,Other,11,0,0,132.3473921,0,19,41.13070668
16600,,56631,DebtCon,Office,2,0,0,98.76022323,1,8,39.7995274
14400,32683,48467,HomeImp,Other,11,0,0,114.4120329,0,10,21.46972396
10800,67740,108135,DebtCon,Office,11,0,0,163.2738318,1,12,38.38349838
18500,67686,95949,HomeImp,ProfExe,9,0,0,78.94907069,0,16,31.80824299
12000,69796,93757,DebtCon,Office,16,0,1,91.43267591,0,8,24.45938368
22100,84114,97775,HomeImp,,8,,,,,,
23700,144373,180927,DebtCon,ProfExe,5,,,175.8153754,5,43,40.31579003
17800,13660,173360,HomeImp,Mgr,23,0,0,78.8388988,2,21,30.06279232
24100,57041,92081,DebtCon,Other,7,0,0,230.0597297,0,19,35.89670864
5700,,69172,HomeImp,Office,1,0,0,48.85366706,0,3,38.77368596
19400,53000,82800,DebtCon,Other,18,0,0,206.9666667,1,22,
12600,55415,74307,HomeImp,Other,29,1,2,198.8467209,0,23,36.83774105
7300,139348,205981,DebtCon,ProfExe,1,0,0,60.42476076,2,22,36.81229063
12900,149297,177044,HomeImp,Office,4,0,0,205.8739212,0,56,34.97573417
23900,80406,108122,DebtCon,Other,17,0,0,211.9232754,0,13,41.4948398
13200,28428,34477,DebtCon,Other,0,,,,,,39.37026271
11500,44097,58336,DebtCon,Office,0,0,0,173.3183208,0,20,38.19162603
11400,51203,60716,DebtCon,Other,2,0,0,99.10408262,0,20,38.23531293
8100,50373,65865,DebtCon,Office,5,0,0,99.59816995,2,11,38.91015083
21300,134578,176968,,Mgr,25,,5,334.0659169,0,27,31.87577109
27400,195497,246354,DebtCon,Other,8,0,0,89.26442741,1,25,39.66482299
7800,44000,57500,DebtCon,Other,11,0,0,95.36666667,0,23,
11400,66491,89553,DebtCon,,4,0,0,212.7832827,0,16,31.12013265
15500,93730,106841,DebtCon,Sales,13,,1,132.8205709,0,18,33.29297369
6900,75880,113612,DebtCon,Office,1,0,0,230.8055881,1,38,17.96588344
12300,81590,90050,DebtCon,Mgr,6,0,0,136.7467587,1,26,41.73267582
17200,85977,109238,HomeImp,ProfExe,3,0,0,115.5575126,1,25,38.94891874
11800,38825,51984,DebtCon,Other,,0,0,82.52779435,0,14,40.88273326
25700,23047,76575,DebtCon,Other,,2,1,104.5662029,2,26,29.29663349
9900,82697,100689,DebtCon,ProfExe,3,0,0,133.3657906,0,26,33.59171631
22300,,136587,HomeImp,Other,1,0,0,311.6590812,3,20,29.91070776
19600,128876,162994,DebtCon,Office,2,,1,382.312217,,52,36.06796344
23900,90475,136094,DebtCon,ProfExe,,0,1,207.784271,0,21,30.54921583
17400,,48971,DebtCon,Other,,,,345.0099186,,17,32.47431947
19800,73557,95770,DebtCon,Mgr,0,0,0,70.02915918,0,17,25.59661737
31900,83226,115509,DebtCon,Mgr,11,0,0,79.03011561,0,34,26.52185952
42900,8117,66731,HomeImp,Office,,0,0,315.2548189,0,19,13.31235591
9000,76964,90500,DebtCon,Other,3,0,0,101.4,2,32,
7000,46225,59000,DebtCon,Other,16,0,4,219.1333333,0,37,
19400,45036,78900,,,,,,,,,40.02396798
15200,47453,73068,DebtCon,ProfExe,20,0,0,196.6996956,0,16,22.38385656
14100,49927,67761,DebtCon,Mgr,26,0,0,276.5499132,1,16,36.59939111
22600,,144841,,,,,,,,,16.38239069
9900,28432,36605,HomeImp,Office,0,0,0,111.5316253,1,29,37.58819565
24100,77435,113000,DebtCon,ProfExe,10,0,1,124.7666667,0,19,
27000,45880,82425,DebtCon,Other,21,0,0,212.6442208,0,27,36.9977936
21600,106308,147378,HomeImp,,,,,,,,39.13764463
9900,55231,78708,DebtCon,Office,4,0,0,85.80147612,2,15,24.59499257
21900,91327,139106,DebtCon,ProfExe,,0,0,201.6855482,0,21,30.01955513
36200,38010,59111,DebtCon,Other,,0,0,,6,0,31.33214149
11300,61810,79817,DebtCon,Office,6,0,0,98.2241442,1,14,25.52507894
16000,101000,130000,DebtCon,ProfExe,7.5,0,0,102.5,0,14,
17300,40280,66319,DebtCon,,4,0,0,101.3255769,2,9,27.97593545
20100,72775,102308,DebtCon,Office,8,0,0,206.4788452,2,13,32.78297142
26400,134642,182719,DebtCon,Mgr,0,,,122.4568633,,39,32.69880046
10000,,49266,,,,,,,,,15.59729023
15500,74761,92729,DebtCon,ProfExe,9,0,1,339.0892634,,42,37.47461725
28000,77322,118082,DebtCon,Other,7,0,0,80.65809369,1,31,38.8154384
28900,135770,188368,DebtCon,ProfExe,0,1,0,229.7532224,2,19,40.63187139
15700,111367,127421,DebtCon,,16,0,0,184.2348073,1,18,41.03530607
13900,95351,117381,DebtCon,Office,12,0,0,210.2021295,0,11,41.01100137
12500,81865,101048,DebtCon,Other,1,0,0,147.4022274,0,23,38.85516272
10200,82630,99250,DebtCon,Other,1,0,0,107.5285598,1,32,40.28097487
6100,,35250,HomeImp,Other,,,,303,,12,
10600,73844,107640,HomeImp,ProfExe,3,0,0,92.97949051,0,34,37.31928931
66000,62296,143982,HomeImp,Office,12,0,1,121.3494427,0,10,41.6125057
18400,110580,137926,DebtCon,ProfExe,6,0,0,93.43274991,0,13,29.11688772
12400,83018,96637,DebtCon,Other,2,0,0,95.90213133,2,32,41.24477919
14300,67018,81805,DebtCon,Other,1,0,0,253.5924509,3,25,30.68621875
20200,34676,62987,DebtCon,Other,1,0,0,112.7990866,0,17,22.09304595
5300,,49396,HomeImp,,0,0,0,,0,0,12.04367058
8600,22960,80874,HomeImp,ProfExe,20,0,0,238.7026834,0,11,25.8873199
7700,56622,70136,DebtCon,Mgr,7,,4,120.7645092,1,11,38.13234577
6700,49367,59609,HomeImp,Other,6,0,0,99.30370078,0,17,25.23136638
26100,,120470,DebtCon,Mgr,7,0,0,161.2876716,0,27,34.13000366
13400,53699,68084,DebtCon,Other,3,0,0,169.8524493,0,14,25.10971349
30900,190480,298239,DebtCon,Other,27,0,1,164.6048706,0,23,39.60145213
10300,75483,99345,DebtCon,ProfExe,3,0,0,133.7905101,0,25,34.88723609
24700,109377,133116,DebtCon,Mgr,10,1,0,184.3557829,5,17,40.2026301
22600,,45744,DebtCon,Other,,,,84.23176112,,12,28.45387692
15200,43961,62171,DebtCon,Other,,0,0,124.8068459,1,18,39.58005434
22900,191970,232998,DebtCon,ProfExe,3,0,0,301.1384524,0,27,36.78846956
13800,21711,32357,DebtCon,Office,7,0,0,105.6662342,0,17,20.3331556
20600,91183,138268,DebtCon,Other,12,0,0,113.1666358,3,15,41.20785574
24000,111488,163796,DebtCon,Mgr,15,0,0,185.8020505,0,25,32.22967397
10900,57494,66704,DebtCon,Mgr,6,,,115.3127491,,24,39.51098574
24400,95843,123377,DebtCon,Self,2,0,0,201.9767562,1,26,32.90346813
10700,85198,107044,HomeImp,ProfExe,0,0,0,66.75832547,0,19,36.84646682
21900,10421,24808,DebtCon,Other,,0,0,61.28669845,2,19,40.01662162
17700,64964,88856,DebtCon,Office,5,0,0,114.6676183,0,19,21.93300632
10000,48041,76050,HomeImp,Other,3,0,2,185.7,0,13,
19300,83141,112096,DebtCon,Mgr,15,0,0,255.788289,5,31,35.514488
13400,51225,69361,DebtCon,Other,0,0,0,261.1896369,0,21,28.95306771
20600,,28635,DebtCon,ProfExe,5,0,0,102.9868632,0,18,19.44718515
20400,29985,54038,DebtCon,ProfExe,15,0,0,177.5936728,1,20,35.55430368
10600,64546,84576,DebtCon,Other,0,,,173.6252843,,35,28.97180377
14300,31607,70118,DebtCon,ProfExe,6,0,0,255.7195673,0,15,23.0629138
17500,87294,114031,DebtCon,Other,15,0,0,147.0985835,2,8,34.46794
16700,31135,60478,DebtCon,Other,14,0,0,105.1332711,0,18,39.1229968
25200,,68083,DebtCon,Other,26,0,0,128.4230865,0,8,21.05500114
10500,27180,86978,HomeImp,ProfExe,22,0,0,230.7211544,0,10,25.75301023
3900,52825,63000,DebtCon,ProfExe,8,0,4,171.6666667,1,31,
14000,27872,48125,HomeImp,Other,10,0,0,115.6,1,10,
10600,120137,137090,DebtCon,ProfExe,17,,1,173.6904615,0,33,30.95890574
30300,137927,182588,DebtCon,ProfExe,1,1,0,248.980672,1,18,40.36185207
20800,107787,182140,DebtCon,Office,7,0,0,214.3305682,3,23,41.92846949
22300,65022,104766,DebtCon,Office,8,,0,117.1618153,2,18,38.34866301
16300,56075,88870,,ProfExe,11,0,0,,1,16,24.68929369
42100,21137,65676,DebtCon,Other,21,0,0,194.3463245,1,31,43.20591058
18900,87657,117577,DebtCon,ProfExe,9,0,0,142.466495,2,19,39.96618165
15100,,98114,,Other,,0,0,198.0753807,1,10,31.54584266
12000,29600,61250,DebtCon,ProfExe,7.5,0,0,264.8,1,16,
27600,121592,153432,DebtCon,Mgr,2,0,0,297.0016085,0,24,40.01531648
35800,207312,271738,DebtCon,ProfExe,4,0,0,228.8020074,0,32,32.68199935
8200,,33540,HomeImp,Office,21,0,0,178.6879275,0,15,36.60169886
18300,93728,153093,HomeImp,ProfExe,5,0,0,109.3371059,0,16,36.21398749
23100,133867,174105,,Mgr,26,,3,332.4098399,0,28,30.76863769
24500,80072,107559,DebtCon,Other,18,0,0,194.8774602,0,12,39.21016963
9700,77394,86917,DebtCon,Office,16,0,1,81.46140046,0,9,27.70585654
9600,62405,69459,DebtCon,Other,0,0,2,86.43183174,2,18,36.26033127
14900,85486,97795,HomeImp,Office,,0,0,173.010785,1,26,41.58352917
18600,57300,8000,DebtCon,Other,6,,,68,1,17,
28600,105907,156126,DebtCon,ProfExe,10,0,0,165.090735,1,17,33.23130088
23300,27793,50177,DebtCon,Other,16,0,0,136.401603,1,24,28.0529211
22200,138584,180415,DebtCon,ProfExe,5,,,195.6328077,4,43,41.20539901
23600,30758,57280,DebtCon,Other,13,0,0,104.3956905,2,24,31.12039863
21000,53572,80048,DebtCon,Mgr,9,2,0,69.90656984,2,27,34.9310865
66500,64423,143341,HomeImp,Office,9,0,0,113.9844467,0,11,39.82143976
15900,49516,105352,HomeImp,Other,0,0,2,54.43732562,0,9,40.27060762
10000,124000,192000,HomeImp,Office,0,0,1,346.9666667,0,16,
12600,125688,198602,HomeImp,Office,0,0,1,344.7479335,0,16,39.48382007
31900,34498,82962,DebtCon,Other,,,,285.2974893,0,16,41.15524125
20000,28440,91704,DebtCon,ProfExe,10,0,0,143.6374388,0,20,30.20689334
21400,92241,133791,DebtCon,Other,11,0,0,81.44638031,3,15,41.39546183
23100,61524,96308,DebtCon,Office,1,0,0,160.3831682,1,21,35.1122412
32300,14163,60626,DebtCon,Other,0,0,0,109.031088,1,6,36.50108651
31700,72809,109678,HomeImp,Other,5,,,117.4739215,10,21,41.51283589
22500,48405,86989,DebtCon,Other,14,0,0,94.9280885,1,9,4.029951372
8100,54841,71400,DebtCon,Office,6,0,0,89.23333333,2,15,
23500,62441,97293,DebtCon,Office,1,0,0,152.8327542,0,21,34.53125999
20800,77885,98188,DebtCon,Mgr,4,0,0,50.29354716,7,23,38.12040471
6100,91704,114799,HomeImp,Office,22,0,0,129.2500896,1,12,36.74676624
14700,35832,66260,DebtCon,ProfExe,7,0,0,277.7940868,0,16,23.70535928
6000,14000,61493,HomeImp,Office,23,0,0,321.6333333,1,13,
17200,59698,89715,,ProfExe,9,0,0,,1,16,23.34562321
23400,97865,120172,DebtCon,Self,2,0,0,200.5757523,1,26,36.39872872
21400,143151,185014,HomeImp,Mgr,7,0,0,314.9842869,0,17,43.10300163
27600,54584,86568,DebtCon,Other,22,0,0,214.8157373,1,27,35.2239708
10900,,76207,,,,,,,,,22.3926116
21300,68544,89908,DebtCon,Other,3,0,0,101.7740201,2,30,32.82545058
10600,136820,201820,DebtCon,ProfExe,2,0,0,68.35305606,1,22,38.0722099
19100,22094,61820,HomeImp,ProfExe,5,0,0,201.1354777,0,13,28.8888762
6100,77265,97944,DebtCon,ProfExe,0,,,,,,28.87646306
11400,,27439,HomeImp,,27,0,0,208.1771125,0,5,23.83011058
11800,118053,125325,DebtCon,Self,5,0,0,181.1720651,0,18,33.20039733
21300,133942,282972,HomeImp,Mgr,3,0,0,197.1481905,0,15,30.54540067
6300,49498,64296,DebtCon,Mgr,6,,4,111.2065132,1,10,38.57713194
23400,64332,95770,HomeImp,Office,13,0,0,128.2392225,0,13,35.15764561
7600,133475,203936,DebtCon,ProfExe,1,0,0,87.45287008,2,23,37.00596784
24600,221331,289991,HomeImp,ProfExe,5,,4,474.0270741,,55,31.46338455
15200,142766,177998,DebtCon,Mgr,12,0,0,260.3834391,0,21,27.53327222
9300,63566,70551,DebtCon,ProfExe,14,0,0,138.3373521,0,19,42.48370297
12300,112373,136202,DebtCon,ProfExe,16,,1,179.8829733,0,32,30.48826811
14600,15411,50493,HomeImp,Office,24,0,0,259.7468906,0,19,30.56871339
50000,43689,104139,HomeImp,Self,9,0,0,219.4172391,2,35,38.55938906
22100,95351,117905,DebtCon,Other,25,0,0,233.7484518,1,27,41.52372299
18200,16386,170310,HomeImp,Mgr,23,0,0,73.0072773,2,20,29.80460145
9500,131394,162449,HomeImp,ProfExe,10,0,0,222.0095049,0,18,19.55124299
28900,134509,211558,DebtCon,ProfExe,10,0,0,247.8444526,2,27,20.61070665
8900,63342,78275,DebtCon,,19,0,0,162.1964843,1,11,32.61266276
8200,13392,34254,DebtCon,Other,3,0,0,267.9186416,0,11,21.92999049
15300,22079,168281,HomeImp,Self,8,0,0,301.4910256,0,27,27.7711227
15900,58518,82095,HomeImp,ProfExe,10,0,2,177.24778,0,14,28.81879312
11500,53151,71645,HomeImp,Other,7,0,0,135.800476,0,16,35.85161441
29900,73506,115000,DebtCon,Mgr,11,0,0,77.13333333,1,35,
35000,31000,50000,DebtCon,Other,,0,0,,7,0,
32300,23448,45557,DebtCon,Other,0,0,0,69.19973077,0,7,15.77819668
24200,91491,141827,DebtCon,ProfExe,21,1,0,163.1743772,0,25,42.06098177
5800,,41119,HomeImp,Other,2,0,0,261.4052186,0,26,42.19194156
8200,10909,37286,DebtCon,Other,3,0,0,268.2546017,0,12,22.23295281
10700,124330,176350,DebtCon,Other,8,0,0,222.6343393,1,19,33.96477734
20000,125000,162975,DebtCon,ProfExe,7,0,0,178.5333333,0,38,
30400,55429,103948,DebtCon,Office,3,0,0,182.4841642,1,25,35.15098079
24700,149235,178454,DebtCon,ProfExe,5,0,0,324.1377835,0,34,38.70999145
18500,10934,66367,DebtCon,Sales,1,0,0,326.5673282,0,5,38.15167101
9900,31244,44138,HomeImp,Mgr,14,0,0,60.6344698,1,9,31.68813428
31800,126316,180750,DebtCon,Mgr,14,0,0,167.8572559,2,28,42.63343718
10000,10000,68250,DebtCon,ProfExe,20,0,2,398.8,1,12,
89000,54576,92937,DebtCon,Other,16,0,0,208.6920698,0,15,35.85997068
21000,87000,140000,DebtCon,ProfExe,22,1,0,163.3666667,1,25,
15200,71233,84439,DebtCon,Other,1,0,0,242.9833214,2,26,32.21005036
28800,,121560,DebtCon,Mgr,8,1,0,175.2063398,0,26,31.61203845
8800,56963,70607,HomeImp,Other,4,0,0,99.76441458,3,19,40.34526073
10300,57902,74355,HomeImp,Other,4,0,0,243.6309162,1,16,36.57444189
28500,29338,62220,,Office,2,0,0,113.2059238,1,6,36.87709851
26900,69446,104590,DebtCon,ProfExe,11,0,0,287.2759924,1,32,41.49906043
7700,53377,86018,HomeImp,Other,16,0,0,187.1940112,0,28,24.21765848
13300,76663,96022,DebtCon,ProfExe,10,2,0,180.0294503,1,30,27.04500676
3800,11543,46045,HomeImp,Self,,0,0,204.6479917,0,11,42.17316588
3900,102143,118742,HomeImp,Office,2,0,0,85.27736558,0,13,29.34392109
26000,47067,63292,DebtCon,Office,17,0,0,174.6210154,2,21,33.67314644
22400,98238,135561,DebtCon,ProfExe,,0,0,194.2820992,0,20,29.37360717
21700,128841,172954,DebtCon,ProfExe,4,0,0,165.3102818,0,37,20.3428108
12000,35028,55079,HomeImp,Other,23,0,1,108.6339686,0,23,40.79745755
22900,50876,74270,DebtCon,Other,5,0,0,72.00450998,1,19,34.9570299
24400,26366,54775,DebtCon,Other,13,0,0,101.6362349,2,24,29.09588127
12900,55673,64582,DebtCon,Other,4,0,0,163.4166317,0,14,26.98743734
2300,102370,120953,HomeImp,Office,2,0,0,90.99253347,0,13,31.58850318
21700,93868,147228,DebtCon,ProfExe,22,0,0,153.6845963,0,25,39.53395424
40500,145127,205613,HomeImp,ProfExe,5,0,0,143.1288344,0,30,35.3375454
12000,38130,68707,DebtCon,Office,23,0,0,234.8879805,1,29,26.3012369
20900,127077,204192,HomeImp,ProfExe,13,0,0,181.6508803,0,22,34.58958143
13100,50552,59889,DebtCon,Other,4,0,0,178.6123626,0,13,38.76331381
20000,9722,173518,HomeImp,Mgr,21,0,0,89.21195484,2,20,31.12087741
6400,17491,63614,HomeImp,Office,23,0,0,325.2993087,0,12,40.24440437
22300,34326,103199,HomeImp,Other,6,0,0,141.6770299,0,14,30.47179852
25400,69035,108365,DebtCon,ProfExe,13,0,0,281.2219109,1,33,39.5433415
12900,89492,110007,HomeImp,ProfExe,10,0,2,169.1919843,0,28,32.82003727
14800,41807,50931,DebtCon,ProfExe,4,0,0,269.7185483,1,35,38.50788773
9000,47350.86,105000,DebtCon,ProfExe,6,0,1,227.2666667,0,10,
22400,91402,100845,DebtCon,ProfExe,2,1,0,132.2166218,0,20,35.68247123
14700,30210,42751,DebtCon,Mgr,17,0,0,86.64182333,0,17,23.39736224
16600,102543,119493,DebtCon,Office,3,0,0,276.6931852,0,33,29.28407186
17400,42876,66085,DebtCon,Mgr,26,0,0,281.5781525,1,16,38.02752168
20900,111464,144487,DebtCon,Office,11,0,1,206.6773533,0,25,40.06547716
11300,66814,82021,DebtCon,Office,4,2,3,173.7118385,3,29,38.55692945
14300,19111,49794,HomeImp,Office,23,0,0,262.3067403,0,19,30.93367839
15500,127793,158580,DebtCon,Mgr,,0,0,229.3450754,0,19,39.50968107
27400,41370,70528,DebtCon,Office,18,0,0,180.204345,1,21,33.4950887
13700,64486,84759,DebtCon,Office,4,2,3,182.1802565,3,29,37.07341346
16500,,42894,HomeImp,Other,1,0,0,331.4268695,0,8,26.89580446
18300,73510,95132,DebtCon,Mgr,0,0,0,86.68429575,0,17,25.24404629
13300,79512,92224,DebtCon,Other,9,0,0,159.2070876,4,22,38.94860467
6700,58741,68225,DebtCon,ProfExe,9,0,3,173.5744163,1,31,23.58701323
20100,,22971,DebtCon,ProfExe,5,0,0,102.7266545,1,18,18.50780264
37900,150044,202894,HomeImp,ProfExe,5,0,0,156.0339279,0,30,36.31140767
19900,96435,130019,DebtCon,Office,27,0,0,274.2825562,3,16,32.46920265
10000,34767,51000,HomeImp,Other,23,0,1,121.7333333,0,23,
7600,77518,83727,DebtCon,,4,,,,,,22.65514029
5100,66834,87361,HomeImp,Other,0,2,0,290.034108,0,6,38.76698507
6400,53476,70157,DebtCon,ProfExe,7,0,3,164.3154099,1,30,21.13798157
26000,20119,54563,DebtCon,Other,24,0,0,126.9879594,0,11,25.62363851
50700,,83365,HomeImp,Self,9,0,0,190.229251,0,21,25.65597685
10800,42191,57224,DebtCon,Other,15,0,0,68.81082617,0,11,30.51822975
22700,93413,134653,DebtCon,ProfExe,,0,0,219.5706538,1,21,27.28456073
12100,97185,113004,DebtCon,Other,13,0,0,202.6225313,2,15,37.71664611
17000,31772,60289,HomeImp,ProfExe,6,0,0,189.2369837,0,13,31.12574653
40900,149281,202877,HomeImp,ProfExe,4,0,0,156.783069,0,30,34.41651981
8400,62583,77481,DebtCon,Office,6,0,0,98.67270509,2,15,26.30838033
17200,7044,57831,DebtCon,Sales,0,0,0,330.9709043,0,6,37.94331514
28100,135991,183598,DebtCon,Mgr,0,,,131.5891244,,38,31.08561766
27600,57327,87683,DebtCon,Office,0,0,0,98.521771,0,23,34.76057541
16700,62933,91790,DebtCon,Other,2,0,0,185.3724624,0,31,35.25727149
10200,78628,92090,DebtCon,Other,10,1,0,164.3178964,6,21,38.72132161
25900,145700,211151,HomeImp,ProfExe,6,0,0,182.1713721,1,27,38.48048457
21700,47024,71628,DebtCon,ProfExe,10,0,0,177.6020656,1,41,37.12536175
26300,118304,177819,DebtCon,Sales,17,0,0,299.2172523,1,30,34.36826933
17200,51352,64386,DebtCon,Mgr,27,0,0,295.9554144,1,17,36.78730595
42200,21393,68111,DebtCon,Other,19,0,0,208.5229244,0,30,39.75171656
22500,73567,88157,DebtCon,Other,2,0,0,111.4005357,1,30,33.51922814
14300,93989,117410,DebtCon,Office,10,0,0,220.899221,0,12,39.87750077
28100,96160,128767,DebtCon,Office,10,0,1,154.672858,0,29,41.11794458
20500,64113,98322,HomeImp,ProfExe,16,0,0,634.4618926,1,23,19.57431626
5000,80153,97275,DebtCon,Other,1,0,0,120.6750632,2,10,37.51270841
22300,93305,143672,DebtCon,ProfExe,21,0,0,176.4166175,0,25,40.47109214
25900,56784,91401,DebtCon,Office,2,0,1,90.16369704,0,23,34.09893173
11700,59506,85000,DebtCon,Other,3,0,0,37.56666667,2,4,
12600,25000,37882,HomeImp,Other,8.8,0,0,87.2,2,12,
37900,201996,272874,DebtCon,ProfExe,3,0,0,249.8265925,0,32,31.42758245
14000,73062,88783,DebtCon,Other,6,0,0,211.1025521,2,18,42.25458004
25200,55283,103324,DebtCon,ProfExe,0,0,0,181.4513682,0,26,32.92386047
26300,25685,51023,DebtCon,Other,35,0,0,261.470872,0,23,40.08504815
17700,56375,90435,DebtCon,Office,0,0,0,70.22587032,0,23,36.02327677
10800,61791,78361,DebtCon,Office,5,0,0,94.51806778,2,15,28.08852465
13000,,72175,HomeImp,Other,,0,0,367.9400249,0,6,36.56113974
14500,78503,90558,DebtCon,Mgr,19,0,0,250.4522894,10,24,36.87623453
18000,84824,115146,DebtCon,Other,21,0,0,293.9804358,0,16,27.09752347
16300,71510,89756,DebtCon,Other,2,0,0,193.1358902,0,30,31.41358583
18000,23252,50750,DebtCon,ProfExe,16,0,0,180.6,1,20,
13300,80059,121790,,,,,,,,,34.5618314
24800,64537,93212,DebtCon,ProfExe,7,1,1,120.3514204,4,25,34.68608867
23000,,56390,DebtCon,Other,,0,1,314.2737125,0,19,37.74372511
18400,68655,94322,HomeImp,ProfExe,8,0,0,76.79470126,0,15,32.74121014
17700,17480,41055,,Office,1,0,0,196.1319389,0,15,37.92365952
15300,54412,95123,DebtCon,ProfExe,6,0,0,134.2426479,2,22,35.08572068
27100,20497,74244,DebtCon,Other,,1,2,93.06034262,1,25,27.36133981
21200,109747,174666,DebtCon,Office,7,0,0,211.8072267,3,24,40.39483989
14500,35799,51720,HomeImp,Other,10,0,0,123.218105,1,9,18.32493528
16800,94851,119053,DebtCon,Office,2,0,1,270.9986111,1,34,27.00923929
10900,,66691,HomeImp,Other,,0,0,349.7523621,0,7,34.34334852
19400,167450,200902,DebtCon,ProfExe,9,0,0,264.6979824,1,37,25.63079874
5400,,75254,,,,,,,,,23.16374295
12600,103960,127384,DebtCon,,2,0,0,129.0154994,0,25,34.47945476
10700,54091,67661,HomeImp,Other,27,0,2,188.5339891,0,24,38.58937235
12500,,,,,,,,,,,27.35264423
16500,94920,118156,DebtCon,Other,9,0,0,295.2855235,2,18,32.17163193
30500,138082,181157,DebtCon,ProfExe,2,1,0,219.2473072,1,19,40.87469852
18400,48970,69559,DebtCon,ProfExe,20,0,0,178.015833,0,23,39.70798807
15900,38860,68912,DebtCon,ProfExe,9,0,0,250.9275029,1,16,22.17526323
27300,97373,126102,DebtCon,Office,10,0,1,139.1325983,0,28,39.17355395
26800,96895,144482,DebtCon,Mgr,23,0,0,201.9678752,0,13,40.16216065
11600,36357,56514,,Other,31,0,0,237.8189664,0,19,20.1815824
25700,43881,69954,DebtCon,Other,10,0,0,126.4730656,0,20,40.76906182
24900,60778,94374,DebtCon,Other,5,0,0,232.1188078,1,20,34.92549001
15200,77636,95682,DebtCon,ProfExe,10,1,1,335.8413218,,41,37.98254375
15800,103537,111139,DebtCon,Office,3,0,1,252.2677576,1,34,27.67406397
20700,100778,142271,HomeImp,,,,,,,,39.98309593
22900,18059,57109,DebtCon,Other,26,0,1,213.0362848,0,24,25.54701032
17900,68779,98623,DebtCon,Mgr,1,0,0,83.86164124,0,17,26.40566665
34800,138680,190729,DebtCon,ProfExe,21,0,0,198.1233342,0,21,35.57723925
33700,12512,42634,DebtCon,Other,28,0,0,184.134954,0,15,42.48237422
9300,44026,70535,HomeImp,Office,12,3,1,245.9,2,29,
8100,78977,91995,DebtCon,Mgr,19,0,0,296.7470948,1,23,38.82094029
25200,74038,114722,DebtCon,Mgr,9,0,1,304.0041559,1,28,31.36072725
23300,103162,135013,DebtCon,Mgr,9,1,0,188.9398399,5,18,40.67081708
47900,95377,157273,DebtCon,Other,16,0,0,236.3026595,8,18,39.10304524
10000,57068,72000,,Other,12,0,0,257.7,0,27,
16200,49780,109050,HomeImp,Office,2,,2,128.2885293,0,23,39.57681143
27600,72468,106906,DebtCon,ProfExe,12,0,0,288.8495515,1,32,38.98401301
17600,39057,50933,DebtCon,ProfExe,6,0,0,239.2016301,1,35,39.30107072
21700,29258,53807,DebtCon,Other,0,,,300.6792922,,24,35.69801744
16000,56295,77146,DebtCon,Office,0,0,0,190.3964069,0,24,31.73703429
15500,88929,115249,DebtCon,ProfExe,0,0,2,156.130914,0,34,32.0338704
18000,55169,114786,HomeImp,Office,2,,2,120.1541063,0,24,37.54773286
14800,50570,69422,DebtCon,Other,3,0,0,191.1779415,0,13,36.64708052
16600,71564,84627,DebtCon,Office,5,0,0,114.6401329,1,20,22.32314261
20000,39000,62000,DebtCon,Office,6,0,0,170.4333333,2,27,
7500,11358,36892,DebtCon,Other,5,0,0,286.9228238,0,11,23.06292573
25200,22773,72541,DebtCon,Other,,1,2,92.583557,1,26,30.42091482
16500,45441,76145,DebtCon,Mgr,4,0,0,124.0333832,1,8,28.17345068
7700,35100,45000,DebtCon,Office,10,0,0,206.9666667,1,23,
22200,137889,182973,HomeImp,Mgr,6,0,0,317.3561249,0,17,44.96871369
8700,62400,81315,DebtCon,Office,6,0,0,98.02887044,2,14,26.62089773
26400,43781,66030,DebtCon,Office,17,0,0,184.3849541,2,21,31.48990578
21400,70112,94849,DebtCon,Other,4,0,0,109.780321,1,29,35.63050485
16100,68905,91572,DebtCon,Office,3,0,0,165.4571246,0,25,24.92011999
30500,108736,147531,DebtCon,Other,13,0,0,228.6103591,1,40,43.12276156
31200,15557,62847,DebtCon,Other,0,0,0,99.56044187,1,6,37.39411875
18700,63990,94035,,ProfExe,9,0,0,,0,14,25.78335659
24600,,146804,,,,,,,,,17.26353485
19900,128219,162012,DebtCon,Office,1,,0,374.0237669,,52,37.88816696
25500,113204,184561,DebtCon,Sales,17,1,0,308.9581984,1,31,34.357866
17000,82662,111357,DebtCon,Mgr,17,0,0,252.3059847,4,30,37.31611992
8000,58006,94930,HomeImp,ProfExe,4,0,0,223.2029895,2,24,30.91339584
29400,39354,75553,DebtCon,Mgr,13,1,0,77.34259704,6,15,35.11044889
15500,116543,133986,DebtCon,,17,0,0,164.6813583,1,18,37.57081963
6500,70300,107500,DebtCon,Office,1,0,0,242.4666667,1,38,
12700,103034,124116,DebtCon,,2,0,0,137.4386924,0,25,31.60310093
21500,96993,143240,DebtCon,ProfExe,20,0,0,173.3416649,0,25,39.85872689
20600,138918,175989,DebtCon,ProfExe,5,,,189.9559195,4,42,40.86267837
6900,53776,51952,HomeImp,Other,5,0,0,87.90011834,0,17,22.28699748
18600,100144,153751,HomeImp,ProfExe,4,0,0,93.66217049,0,16,34.89273362
20300,71387,107363,HomeImp,Other,4,0,0,219.8747302,0,13,29.5672214
40000,134029,191990,DebtCon,Mgr,,1,0,178.7809596,0,24,34.52145025
16600,81275,106691,DebtCon,ProfExe,1,0,0,289.376138,1,20,38.47524099
10200,51108,68673,DebtCon,Mgr,6,,,116.6793672,,23,42.77564391
30600,231344,284199,DebtCon,ProfExe,7,0,1,202.5286035,0,29,15.82390006
23600,126254,169638,DebtCon,ProfExe,6,0,0,176.7491631,0,38,17.62092021
18800,166737,199303,DebtCon,ProfExe,9,0,0,270.8826875,1,38,25.53212879
16000,38600,57822,DebtCon,Other,17,0,0,276.9666667,0,22,
9800,49287,69831,DebtCon,Mgr,2,0,0,182.9948062,2,16,29.71346691
19200,57728,96552,DebtCon,Office,0,0,0,80.60236311,0,23,37.50810314
17500,90221,113564,DebtCon,Other,19,0,0,265.1846253,1,17,27.02943897
79200,21694,103143,HomeImp,,26,0,1,139.9389989,0,14,31.33368478
12700,72760,83604,DebtCon,Office,6,2,3,189.9194249,3,29,37.36856046
16300,84480,101243,DebtCon,Office,30,,0,337.3423041,2,49,35.41287035
26900,215692,286555,HomeImp,ProfExe,8,,5,468.1781224,,55,30.55300542
19200,65206,13933,DebtCon,Other,7,,,57.59183135,0,16,42.50243535
26300,87291,122531,DebtCon,ProfExe,10,0,1,128.4832581,0,18,27.83750961
11900,78959,104371,DebtCon,Mgr,1,0,0,79.08139722,1,23,40.02421108
19900,74193,94078,HomeImp,ProfExe,7,0,0,81.4143517,0,15,32.03355046
9900,54961,70609,DebtCon,Mgr,6,,4,105.9346916,2,11,40.70254787
10300,45275,62724,HomeImp,Other,11,0,1,109.3246387,3,34,37.29182499
8700,53504,66888,DebtCon,Mgr,7,,3,112.1751208,2,10,39.31877226
25000,99348,200000,DebtCon,Other,23,0,0,199.8333333,0,19,
17300,57358,71617,DebtCon,Office,0,0,0,194.2933392,0,25,30.53780606
17400,123579,168243,DebtCon,Office,4,0,0,146.3520808,0,20,26.60351151
19900,168732,224270,DebtCon,Office,12,0,0,217.6372546,0,32,41.5493313
28800,204455,245685,HomeImp,Other,8,0,0,123.3967471,1,42,42.34547139
11500,29281,37717,HomeImp,Mgr,15,0,0,61.91544466,0,9,30.70242855
14200,100664,129166,DebtCon,Mgr,4,,,255.6876484,2,41,38.74675979
13000,39386,53149,DebtCon,Other,4,0,0,110.4779566,1,16,38.52175901
20500,76620,185666,,Other,8,0,0,360.6400541,1,16,33.75431861
9900,108155,219936,HomeImp,ProfExe,2,0,0,126.9393774,1,15,27.99205166
6000,,43300,HomeImp,Other,,,,100.9333333,,9,
16400,86623,124048,,,,,,,,,35.81076936
17900,37265,53214,DebtCon,ProfExe,2,0,0,259.963831,0,34,39.83150056
4200,44000,55085,DebtCon,,6,,1,75.43333333,,16,
35000,239058,40848,DebtCon,Mgr,4,0,1,212.0154058,3,49,40.13181545
17000,125257,161009,DebtCon,Office,3,0,0,129.7577996,1,21,27.6372066
12000,84191,100654,HomeImp,ProfExe,0,0,0,79.67788538,1,20,33.77330326
13600,39997,56571,DebtCon,Other,6,0,0,111.0078189,2,15,38.77313698
17600,53707,80407,DebtCon,Other,17,1,0,185.9782208,0,21,36.49405393
8200,135929,200275,DebtCon,ProfExe,0,0,0,69.61717488,1,23,37.80543265
28000,49764,74526,DebtCon,Other,24,,1,294.594783,1,30,37.61130938
15200,47200,74510,DebtCon,ProfExe,17,0,0,174.5215618,0,23,41.86337612
17900,56273,111507,HomeImp,Office,1,,2,123.0225636,1,23,39.49148711
10000,,23400,HomeImp,,28,0,0,206.9666667,1,5,
40900,18760,69373,DebtCon,Other,19,0,0,211.6988199,1,31,39.92258688
10100,,69451,,,,,,,,,22.51968544
28700,137247,186685,DebtCon,Mgr,0,,,110.4950024,,39,30.85972433
16900,17988,137328,DebtCon,Other,9,0,0,360.1469602,0,10,41.90205419
11000,102000,120000,DebtCon,,3,0,0,125.8,1,26,
8400,43589,49950,DebtCon,Office,9,0,0,202.7045404,0,23,33.59231894
65200,71151,143960,HomeImp,Office,10,0,0,128.7805143,0,12,43.19116341
12500,50097,73846,DebtCon,Other,1,0,0,267.8654583,0,20,29.15960949
79900,18363,109675,HomeImp,,27,0,1,132.766724,0,13,31.64233507
11300,16115,69113,DebtCon,ProfExe,22,0,2,403.5149997,0,12,22.16824452
10800,78898,86567,DebtCon,ProfExe,9,0,0,179.8308288,0,12,40.29195198
24100,61811,97086,DebtCon,Other,6,0,0,222.6265908,1,19,34.68253701
17300,51185,65537,DebtCon,Other,6,0,1,129.8379412,3,49,29.31159406
5900,82912,91175,DebtCon,ProfExe,2,,,,,,27.59527352
39500,68117,117084,DebtCon,Mgr,15,0,0,198.0997869,0,21,40.2048745
9800,53643,113161,DebtCon,ProfExe,5,0,1,230.3032566,0,9,23.7736104
12000,7804,65395,HomeImp,Other,8,2,0,347.1233258,0,21,16.81630749
36300,35287,56532,DebtCon,Other,,0,0,,7,0,32.6245319
11200,66868,107794,DebtCon,Office,10,0,0,152.9298285,1,12,39.64082898
27100,20479,46735,DebtCon,Other,24,0,0,103.8162897,0,10,24.25867722
11700,56990,83334,HomeImp,Other,4,0,2,177.4326989,0,13,30.9986945
13600,66178,104378,HomeImp,ProfExe,6,0,0,263.9610151,0,11,36.43846627
14800,49000,98900,HomeImp,Other,0.1,0,3,51.66666667,1,10,
13600,55864,87500,DebtCon,ProfExe,9,0,0,193.7666667,0,20,
11400,55965,78051,DebtCon,Office,6,0,0,96.29202022,2,14,27.17323223
11200,56842,66710,HomeImp,Other,6,0,0,144.7952204,0,17,33.8858765
5300,50934,62957,HomeImp,Office,21,0,0,197.2419573,0,20,19.35050563
21700,8606,75530,DebtCon,Office,,0,0,257.1207218,0,21,38.73921891
15000,44623,72225,DebtCon,Other,1,0,0,268.4203579,0,21,28.13158042
25000,,113000,DebtCon,Mgr,9,1,0,168.4,0,27,
10600,48018,68963,DebtCon,Mgr,2,0,0,186.7575926,1,16,30.65574434
12700,149272,176467,HomeImp,Office,7,0,0,191.9044636,1,55,33.90232001
21000,69097,105200,DebtCon,Other,,1,0,237.8201289,1,13,40.30577357
16000,90900,152300,HomeImp,ProfExe,5,0,0,102.5,0,17,
37800,111412,166682,DebtCon,Other,,0,0,251.9567829,3,14,34.88341094
8400,57694,70782,HomeImp,Other,4,0,0,125.7103247,0,34,37.62278555
23600,69846,189234,,Other,11,0,0,357.8050619,0,17,30.56428034
12900,58566,74655,DebtCon,Mgr,5,,,116.7758176,,24,39.97705119
19200,62215,76573,DebtCon,Other,18,0,0,199.8756458,1,21,36.02366277
8500,,27873,HomeImp,Office,21,0,0,190.0618702,0,15,38.3754061
13100,59460,72387,HomeImp,Other,29,1,2,182.1817822,0,24,34.78513256
23200,112948,159050,DebtCon,Mgr,16,0,0,189.8390087,0,25,33.49396616
13500,117604,136099,DebtCon,ProfExe,15,,0,188.2609728,1,32,31.63052886
12000,53800,80000,DebtCon,Other,0.3,0,0,124.7666667,4,11,
23900,85097,100730,HomeImp,,9,,,,,,29.50851727
16900,61847,91671,DebtCon,ProfExe,9,0,0,202.0534356,0,20,21.34825451
21300,67282,86861,DebtCon,Office,4,,,173.7925073,,15,37.36452883
6800,,72310,HomeImp,Office,1,0,0,48.81883648,0,3,40.78739323
13600,58539,67899,HomeImp,Other,29,1,2,194.2738338,1,23,37.13442194
15400,58085,91192,DebtCon,ProfExe,10,0,0,191.344217,0,19,21.36431232
9500,59494,75930,HomeImp,Other,0,0,0,98.99850784,0,6,36.88843637
7300,49064,64225,DebtCon,Mgr,6,,4,106.3759993,1,10,40.05191523
7400,65032,83184,HomeImp,Other,15,0,0,230.4202559,1,35,35.41511292
52300,,84584,HomeImp,Other,,1,0,350.9209963,0,7,24.35530425
21900,,57036,DebtCon,Other,,0,0,308.6034448,0,18,39.2346081
30000,20000,38000,DebtCon,Other,0.9,0,0,59.83333333,0,7,
25800,,68913,DebtCon,Other,26,0,0,123.6444881,0,9,22.92513606
25500,,121708,DebtCon,Mgr,8,1,0,151.9693412,0,27,33.15994063
27000,77910,117590,DebtCon,Other,4,0,0,91.8742111,2,31,38.49715498
18100,71814,89941,DebtCon,Other,10,0,0,83.16781079,3,11,32.28540549
6100,79636,87276,HomeImp,Other,20,0,0,350.4361376,0,47,28.84827658
12200,45095,64736,DebtCon,Other,9,0,0,249.6737711,0,18,31.63530262
12000,87000,101200,DebtCon,Sales,13,,2,151.1333333,1,18,
38400,31458,71821,DebtCon,ProfExe,4,0,0,191.9755584,2,17,24.98536247
19000,57429,86250,DebtCon,Office,5,,,175.5,,16,
25300,22361,50688,DebtCon,Other,24,0,0,125.407464,0,11,25.18149884
14500,70896,91652,HomeImp,Office,24,0,0,163.9916144,2,13,41.49281634
17500,17889,94453,DebtCon,Other,19,0,0,244.3562274,2,41,35.74477089
18900,100416,161147,DebtCon,Mgr,1,0,0,216.0970496,1,18,38.46049988
9000,82700,121000,DebtCon,Office,9,0,0,131.9,1,22,
15100,72645,106343,DebtCon,Other,5,0,0,80.77214991,2,13,34.47559678
9600,77359,101365,HomeImp,Other,1,0,0,182.8035145,0,31,33.48191013
9600,53277,60843,DebtCon,Office,0,0,0,180.2840616,0,21,37.95078758
13900,,40881,HomeImp,Other,0,0,0,297.9070847,1,8,25.94071095
25600,139746,210298,HomeImp,ProfExe,6,0,0,185.1125764,1,28,38.36889038
19500,58474,89240,DebtCon,Office,6,,,172.8721456,,15,38.82378279
10300,51787,86200,HomeImp,Other,17,0,0,203.7327626,0,16,34.43524605
27400,51298,90010,DebtCon,Other,6,1,0,146.6562202,3,29,42.15993654
25000,83624,116976,DebtCon,ProfExe,9,0,0,129.5495932,0,19,29.42773368
20700,32817,101720,HomeImp,Other,5,0,0,132.9409379,0,15,31.60621741
29700,100657,148653,DebtCon,Other,14,0,0,221.9253115,0,40,42.30290733
21700,45640,67023,DebtCon,Other,25,0,0,293.7620767,1,32,34.28537258
18100,53524,102133,HomeImp,Other,0,0,3,52.94238739,1,9,40.61679727
35500,142713,196335,DebtCon,ProfExe,21,0,0,191.8661175,1,22,35.64744257
13000,78766,106450,HomeImp,ProfExe,6,0,0,107.9513117,0,26,24.87099388
13700,94650,109650,DebtCon,Office,3.5,0,1,268.8333333,1,34,
16800,46312,67166,HomeImp,Other,27,0,0,241.5083839,0,14,26.22071743
11100,82849,113913,HomeImp,ProfExe,10,0,1,167.3610299,0,27,35.76333348
12100,58556,76724,HomeImp,Other,3,0,1,234.6585447,1,16,37.63925293
13900,80960,100730,DebtCon,Other,0,0,0,153.0875555,0,22,40.19530694
8200,75870,97922,DebtCon,ProfExe,0,,,,,,27.27636492
28300,130028,178918,DebtCon,Mgr,2,,,113.9426389,,39,33.44016163
20000,,73800,DebtCon,Sales,4,0,0,404.7666667,0,24,
31200,124295,176185,DebtCon,Mgr,12,0,0,171.2144163,1,27,43.17681901
20600,124323,166781,DebtCon,Office,4,,1,381.0256475,,51,37.16904808
4200,67700,77000,DebtCon,Sales,4,0,0,128.8333333,0,31,
14400,34291,68444,DebtCon,ProfExe,6,0,0,262.0791636,1,15,21.98106645
18300,89455,124840,DebtCon,ProfExe,13,,,148.7646605,,24,29.9624015
30200,20956,39333,DebtCon,Other,0,1,0,73.39179752,0,7,13.49536737
17600,48487,65665,DebtCon,Other,6,0,0,100.1740038,2,15,43.76968491
3600,100693,114743,HomeImp,Office,6,0,0,88.47045214,0,14,29.39354338
32300,235343,45270,DebtCon,Mgr,3,0,1,210.9224034,3,49,41.26480552
51300,,85255,HomeImp,Self,10,0,0,166.7279349,0,22,26.57262502
22300,60513,111713,DebtCon,ProfExe,15,0,3,291.61872,1,35,27.70517064
24200,90626,116601,DebtCon,Self,2,0,0,226.1163866,1,27,34.49993837
18400,41730,59750,DebtCon,,6,1,0,109.9614065,1,10,27.91184544
13600,7627,59173,HomeImp,Other,7,2,0,362.5122503,1,22,14.26712754
27000,,38356,DebtCon,Other,8,0,,87.47422306,,13,20.92741537
11000,85758,108661,HomeImp,Mgr,11,0,0,255.2874154,0,24,29.43486714
18600,96993,134785,DebtCon,Mgr,14,0,0,173.897513,2,25,33.36326972
28400,90823,126845,DebtCon,Other,1,0,0,188.7734549,1,25,42.89671511
14500,67631,89458,DebtCon,Other,4,0,0,24.95552961,1,4,39.10372517
25500,135728,178942,DebtCon,Mgr,0,,,133.9564941,,38,32.42562995
16500,74263,98922,DebtCon,Office,0,0,0,139.8312465,3,20,31.81442935
16700,5106,93277,HomeImp,Other,14,0,0,269.9626887,0,23,29.87592807
7600,80900,99525,DebtCon,ProfExe,2,0,0,135.6401964,0,26,34.77708943
8800,,74928,,,,,,,,,23.98891307
37700,31687,76454,DebtCon,ProfExe,5,0,0,192.3516702,2,18,23.87340882
12900,66126,84472,DebtCon,Other,2,,,187.1791987,,34,29.99503841
20900,,73849,HomeImp,Office,7,0,0,124.9559978,1,5,18.48129353
20700,69810,100756,HomeImp,Other,3,0,0,213.7282918,1,13,32.87190897
22400,80226,111307,DebtCon,Other,,0,0,186.6311118,1,24,38.93617569
19300,51580,83518,DebtCon,Other,13,0,0,89.525932,0,9,7.148413213
12000,64000,80000,DebtCon,Other,2,0,0,239.5333333,3,26,
14200,34558,40754,HomeImp,Other,8,0,0,76.43121321,2,11,31.04118388
26600,94954,131913,DebtCon,ProfExe,0,1,0,187.1408236,2,37,35.27011322
12700,53199,82567,HomeImp,Other,3,0,1,185.3250354,0,13,27.39038041
15200,20005,39605,DebtCon,Mgr,8,0,0,96.73490299,0,10,21.74161074
14000,43173,65985,HomeImp,ProfExe,5,0,0,215.9858947,3,18,37.14869173
23500,44952,70191,DebtCon,Office,6,0,0,164.9639399,1,26,35.78815771
8400,77144,91532,DebtCon,Mgr,19,0,1,311.7571824,1,24,40.91273699
18700,66891,94454,DebtCon,Office,0,0,0,160.711282,3,20,32.78419351
86000,47355,85000,DebtCon,Other,15,0,0,210.9666667,0,16,
11400,75705,90727,DebtCon,Mgr,5,0,0,143.1010326,2,27,42.16992673
31100,136521,188264,DebtCon,ProfExe,1,1,0,227.6518778,2,19,38.51864488
11400,,38246,HomeImp,Other,,,0,88.88697534,0,10,37.65838877
18700,99003,162566,,Other,,1,,252.2637988,,23,39.20903917
18400,99902,125249,DebtCon,Office,26,0,0,294.424118,2,16,33.48854738
17000,96065,116416,DebtCon,Other,14,0,0,125.6730605,2,8,34.75618581
7000,81335,81018,HomeImp,Other,22,0,0,341.6105761,1,47,27.76729977
13100,74832,98616,HomeImp,ProfExe,6,0,0,101.3622896,1,26,27.02148065
27900,69589,115061,DebtCon,Other,5,0,0,97.8638453,1,32,41.47397173
22800,,74988,DebtCon,Sales,2,0,0,393.5104724,0,23,24.05020799
33700,142468,195770,DebtCon,ProfExe,22,0,0,200.8607367,1,22,36.50527114
5200,19000,26000,DebtCon,Other,0,1,0,17.2,10,7,
7900,,67081,HomeImp,Office,1,0,0,59.08154143,0,4,41.07787822
33500,49292,104421,DebtCon,Office,1,0,0,161.8332356,1,25,36.89609946
7900,,75462,,,,,,,,,23.34502168
23000,42600,69500,DebtCon,Other,10,0,0,119.7,1,20,
15100,26196,45657,HomeImp,Other,9,0,0,86.71659339,1,12,29.32175447
20200,45088,65211,DebtCon,Office,10,0,2,118.5696695,1,22,43.45451215
15300,22057,44461,,Office,1,0,0,210.2754761,0,16,40.43225224
12300,159798,177853,DebtCon,ProfExe,6,,0,206.8170726,4,25,41.42504139
21800,82817,114732,DebtCon,Other,,0,0,190.0874448,1,24,40.74821176
17600,79122,96116,DebtCon,Other,1,0,0,152.4437144,1,18,35.5896626
38300,93255,144457,DebtCon,Other,10,0,0,73.65685393,1,36,41.93949606
12100,55147,72553,DebtCon,Other,0,0,0,229.4061754,0,10,35.86772963
11600,33379,51821,,Other,31,0,0,247.1205918,0,19,23.66108403
13200,59422,88308,HomeImp,Other,,0,0,294.7820846,0,19,29.95255446
24400,50317,71327,DebtCon,Other,6,0,0,45.48580177,1,18,37.01414079
31900,23517,47805,DebtCon,Other,0,0,0,78.81360028,0,7,16.7277481
20600,16779,56481,DebtCon,Other,24,0,1,228.0570024,0,24,27.17664772
21700,93025,140438,HomeImp,ProfExe,5,0,0,166.1776578,0,32,32.77507936
33900,128884,172094,DebtCon,Mgr,12,1,0,166.6247382,1,27,42.31889922
10200,84196,91642,DebtCon,Other,1,0,0,104.8350719,1,32,38.37611263
17200,90567,118761,DebtCon,Other,14,0,0,139.3401702,2,9,34.78487038
25800,112388,180313,DebtCon,Sales,16,0,0,295.5460058,0,31,33.24109601
11100,72402,86584,DebtCon,Mgr,8,0,0,102.9720787,0,22,29.6557132
16500,77049,98658,DebtCon,Other,5,3,0,77.99281611,0,21,23.1200738
9300,21138,30700,DebtCon,Other,3,,,,,,
7800,109000,123500,DebtCon,Self,6,0,1,174.4666667,0,19,
6900,49932,66042,HomeImp,Office,20,0,0,204.4845828,0,19,21.85549413
14300,85631,100000,HomeImp,Other,20,0,0,144.999297,3,23,30.13063638
18600,23792,79716,HomeImp,Other,,0,0,238.7898367,0,50,42.12712426
25600,77123,103014,DebtCon,Mgr,1,,,231.7942011,3,24,43.67128143
6100,48300,53388,HomeImp,Office,9,,,178.4896022,,19,26.72002818
19100,51994,66467,DebtCon,Other,7,0,0,100.1818877,3,15,41.15508261
21000,64100,85100,DebtCon,Other,3.5,0,0,97.63333333,2,30,
11000,92521,110704,DebtCon,Other,13,0,0,208.8984853,2,16,39.25043329
16300,66038,98585,DebtCon,Office,1,0,0,162.0654119,3,19,32.75346067
25100,66938,92544,DebtCon,ProfExe,8,1,1,135.6650702,4,26,34.56587631
14900,36120,57095,DebtCon,ProfExe,4,0,0,239.0236755,1,35,38.17162353
26200,189252,241754,DebtCon,Other,9,0,0,97.31488774,2,25,40.31269773
24000,114196,150000,DebtCon,Mgr,4,0,0,289.1333333,0,25,
22800,,57761,DebtCon,Other,,0,0,310.4829388,0,18,38.50570506
8400,102894,117799,HomeImp,Other,9,,,420.0981644,1,49,39.63319009
26800,149729,183027,DebtCon,ProfExe,7,0,0,331.2565571,0,34,37.00088322
7500,44744,60518,DebtCon,,6,,0,79.41122999,,16,34.39744173
23000,32946,52054,HomeImp,Self,6,0,,123.0672167,,10,24.02181712
20600,147855,125839,,ProfExe,4,1,0,97.10958363,3,34,29.69750665
8400,39677,54707,DebtCon,Office,10,0,0,203.2429653,1,23,31.21770976
20000,83205,132000,DebtCon,Other,11,0,0,97.4,3,15,
24500,118251,158758,DebtCon,Mgr,2,0,0,282.6499217,0,24,38.84480195
5300,66987,65111,HomeImp,Sales,4,1,0,175.3287038,1,22,40.44257039
51500,,90003,HomeImp,Other,,0,0,347.8025143,0,7,25.32400193
11000,131949,165096,HomeImp,ProfExe,5,0,0,440.4212537,0,42,26.90476645
25600,111000,153000,DebtCon,ProfExe,7,0,0,112.6333333,3,27,
5500,70481,82446,HomeImp,Other,8,0,1,116.5919769,0,24,37.61268272
11400,28043,87684,HomeImp,ProfExe,20,1,1,229.1779592,0,10,25.48999451
7000,52287,87972,HomeImp,ProfExe,7,0,0,211.2844132,1,24,33.46140225
15100,38549,59853,DebtCon,,5,0,0,104.1832474,2,9,29.14186281
13600,81620,101933,DebtCon,Other,1,0,0,148.0672908,0,22,41.61289898
5400,47844,52040,HomeImp,Office,8,,,189.0343046,,18,24.70113626
18000,105000,172500,DebtCon,Office,6,0,0,219.1666667,4,24,
25000,135501,184613,DebtCon,Mgr,0,,,119.5305254,,39,30.65881623
13100,69259,75149,DebtCon,Office,11,0,0,240.4102919,3,37,40.73560441
26900,74982,126972,DebtCon,Office,0,0,0,315.8189112,0,23,38.32598985
21500,47451,78645,,,,,,,,,38.46833167
28200,44363,72966,DebtCon,Mgr,16,1,0,82.27059459,6,16,34.98052537
17000,51682,67688,HomeImp,Office,2,0,0,135.1919065,0,18,33.05063637
17800,39686,67246,DebtCon,,5,0,0,114.183555,1,10,27.5758097
13600,13202,50848,DebtCon,ProfExe,3,0,0,302.2019151,0,16,16.77857669
28800,151328,194243,HomeImp,Self,2,0,0,174.9770528,0,17,42.11254013
7400,75311,89905,DebtCon,ProfExe,0,,,,,,27.20199961
19000,47400,80000,DebtCon,Other,12,0,0,95.36666667,1,10,
69700,192163,293901,DebtCon,Self,10,0,0,222.1475256,2,24,29.03823599
23100,64601,100170,DebtCon,Office,2,0,0,156.675375,0,21,34.00023607
9700,53527,58605,DebtCon,Office,4,0,0,75.58454258,3,12,36.70953891
23200,96043,140090,DebtCon,ProfExe,21,0,0,162.6404305,0,24,39.20510043
4900,170986,245300,DebtCon,Sales,,0,0,131.9333333,0,22,
58000,39436,75446,DebtCon,Other,2,0,0,102.2093582,0,20,30.16455356
21400,96016,135783,DebtCon,Mgr,14,0,0,169.0161379,2,25,35.61202481
23200,62811,99320,DebtCon,Office,3,0,0,166.8610989,1,21,36.07127157
45200,89427,157731,DebtCon,Other,17,0,0,209.7670286,8,18,39.16706289
14700,89448,115380,DebtCon,Office,11,0,0,222.8150889,0,12,40.52479687
21500,71636,96678,HomeImp,Office,13,0,0,135.9405415,0,13,37.87247372
18300,68096,99051,DebtCon,Mgr,1,0,0,85.8431617,0,17,27.63351648
10500,42003,53754,DebtCon,Other,16,0,0,84.55110419,0,12,32.34295932
18600,38674,63641,HomeImp,Other,23,0,0,245.049372,0,13,25.18098984
12000,73000,94900,DebtCon,ProfExe,9,3,0,189.7,1,30,
22200,64809,96831,HomeImp,ProfExe,17,0,0,639.0581723,0,24,22.61418191
28400,46126,66942,DebtCon,Office,18,0,0,180.6683082,2,21,33.76903515
22700,,57156,DebtCon,Other,,0,0,289.5456726,0,19,40.16294454
15100,60264,87110,HomeImp,ProfExe,5,0,0,111.399385,0,13,26.06204325
19200,96401,115545,DebtCon,ProfExe,7,0,0,128.7145138,1,20,22.18728999
53000,180371,256589,DebtCon,ProfExe,4,0,0,240.157802,1,33,36.47761781
6500,,70886,,,,,,,,,23.47088075
32900,37265,76154,DebtCon,Other,7,,,128.7311432,,23,34.85797706
26600,122501,153280,DebtCon,Mgr,2,0,0,289.581723,0,25,38.1297118
36200,36661,53622,DebtCon,Other,,0,0,,6,0,32.01469166
6200,45564,61956,HomeImp,Other,2,0,,101.1670603,,13,38.67514015
29600,233916,291490,DebtCon,ProfExe,15,0,1,259.7334653,2,25,25.10508606
29500,50079,80222,DebtCon,Office,1,0,0,147.9901182,2,19,38.139022
22900,88244,103144,HomeImp,,8,,,,,,31.0726936
8000,,34226,HomeImp,Other,,,1,75.36666667,1,10,
22000,15774,60115,DebtCon,Other,27,0,1,213.4142381,0,24,25.57680965
25800,137140,167096,DebtCon,Other,7,0,1,209.085283,1,19,36.18947433
20500,82638,109915,DebtCon,Other,,0,0,176.3666652,1,25,37.86483283
27600,129311,188143,DebtCon,Mgr,1,,,122.5168848,,39,30.47417374
16500,64081,100796,HomeImp,ProfExe,22,0,1,243.9416859,1,24,38.32781635
15300,14695,48095,DebtCon,ProfExe,1,0,0,301.6576658,0,16,19.01244637
13800,18714,47905,HomeImp,Office,25,0,0,259.1030228,0,19,29.47966234
6000,43000,57460,HomeImp,Other,1.6,1,,101.5,,13,
15700,79346,93472,DebtCon,Mgr,19,0,0,244.476057,11,23,33.19641246
28300,72572,117311,DebtCon,Other,6,0,0,85.79724815,1,32,39.8765037
24400,91316,147837,DebtCon,ProfExe,23,0,0,170.0567485,0,24,42.66845465
28600,39009,75893,DebtCon,Mgr,12,1,0,85.62551999,6,15,33.97581441
17900,66823,91680,DebtCon,Mgr,0,0,0,89.43649279,0,18,27.71065729
8500,83157,202962,HomeImp,Self,14,0,0,13.68276401,,8,21.29733923
15800,61073,90897,DebtCon,ProfExe,8,0,0,208.5007559,0,20,23.03574584
21100,63955,95621,HomeImp,ProfExe,19,0,0,626.2970937,0,24,20.01032357
12000,41182,59947,HomeImp,Other,23,0,0,118.1799392,0,22,37.13106416
51500,42041,67770,DebtCon,Office,6,0,,205.6565765,1,16,31.0290026
14300,21828,38000,DebtCon,Mgr,17,1,0,103.5,1,17,
14800,53738,66258,DebtCon,Other,7,0,0,240.8634414,0,17,34.53249609
6000,79046,103048,HomeImp,Other,0,0,0,181.696538,0,32,37.28998992
11800,116742,137385,DebtCon,ProfExe,15,,1,170.5400351,1,33,30.78500359
30500,113822,148478,DebtCon,ProfExe,10,0,0,165.7882784,0,16,31.16320701
31300,106960,144201,DebtCon,Other,15,0,0,230.4130352,0,40,42.66665957
27800,142356,177328,DebtCon,ProfExe,6,0,0,315.1755675,0,35,38.59599092
48800,47476,105332,HomeImp,Self,9,0,0,194.1389185,3,36,40.65343467
18600,43438,69441,DebtCon,Office,1,0,0,229.2744494,0,11,35.80007142
6800,76074,88178,HomeImp,Other,22,0,0,341.4650556,0,46,27.52324614
14800,86861,93341,HomeImp,Office,,0,0,162.0239464,0,26,42.89716211
9000,81248,92503,DebtCon,Other,0,0,0,121.1996495,2,10,37.39023989
12000,76674,97936,DebtCon,Mgr,5,0,0,147.9142027,2,27,41.22576316
17300,65077,91991,DebtCon,Other,0,2,3,114.0234424,2,26,35.90776048
64900,69786,148769,HomeImp,Office,10,0,0,129.0844789,0,11,43.51994271
10200,34522,43076,HomeImp,Other,9,0,0,92.90754834,0,3,36.84535669
8900,,42309,HomeImp,Other,,,1,56.93709635,0,10,37.35952991
24600,83099,113245,DebtCon,ProfExe,9,0,1,122.7492164,0,19,28.12573109
27600,112753,155166,DebtCon,ProfExe,6,0,0,124.9909552,3,26,32.08868135
14800,88898,107208,DebtCon,Office,30,,0,329.7602146,1,50,36.74501301
6000,,53190,HomeImp,,0,0,0,,0,0,15.174415
16800,56979,90008,HomeImp,ProfExe,10,0,2,178.9299564,1,12,27.8164203
9400,26700,40150,HomeImp,Other,9,0,0,80.16666667,0,4,
31200,234304,290923,DebtCon,ProfExe,14,0,1,260.9197759,2,26,27.05723429
9600,,56900,,,,,,,,,14.43523879
9300,59617,67709,HomeImp,Other,4,0,1,243.8307278,1,16,35.96828075
22000,188982,231933,DebtCon,ProfExe,2,0,0,294.9601692,0,26,36.43459137
14200,102789,123691,DebtCon,,3,0,0,127.0600081,1,26,31.33876448
7500,49100,85650,HomeImp,Other,18,0,0,178.3346667,0,29,
2500,7229,44516,HomeImp,Self,,0,0,208,0,12,
27600,64818,91915,DebtCon,Other,16,0,0,99.60460781,0,17,32.46114433
8700,77377,97070,DebtCon,Mgr,3,0,0,68.85487717,2,24,38.21772578
8600,,47791,,,,,,,,,14.39253608
24100,57555,90732,DebtCon,Other,8,0,0,236.9619925,1,19,37.93487786
18600,119741,212530,DebtCon,Other,4,1,0,202.2885776,0,17,27.07376116
21900,53458,77455,DebtCon,ProfExe,10,0,0,192.8877492,1,42,40.95631078
27300,149950,177309,DebtCon,ProfExe,6,0,0,328.1681227,0,35,39.15955376
14700,35164,68061,DebtCon,ProfExe,5,0,0,245.6705776,1,16,23.11228982
25300,,33975,HomeImp,Other,23,0,0,79.16325954,2,14,27.17922554
17500,51102,69532,DebtCon,Other,5,0,0,108.3160802,2,49,31.49594572
11800,44944,57132,DebtCon,Other,,0,0,74.15604508,0,14,42.81224294
21600,105759,139002,DebtCon,Office,11,0,2,213.0345218,0,24,40.9030584
15000,5627,64962,DebtCon,Sales,0,0,0,341.5020847,0,6,39.9967104
13000,59000,83187,HomeImp,Other,,0,0,292.1,0,20,
26300,58369,88124,DebtCon,Other,7,0,0,234.2215473,1,20,37.15829482
36800,35077,53120,DebtCon,Other,,0,0,,6,0,34.98501256
16000,42000,63400,HomeImp,Office,3.5,0,0,123.8,0,18,
31200,14906,64767,DebtCon,Other,0,0,0,80.35557059,0,5,35.03907537
24900,17139,33269,DebtCon,Other,16,3,0,124.1968265,1,18,26.27583242
37000,34085,70596,DebtCon,ProfExe,3,0,0,195.3633838,2,18,25.59242395
26100,50605,77841,DebtCon,Other,21,,0,286.4482043,1,31,41.17380505
16400,47428,76483,DebtCon,ProfExe,4,0,0,232.3155447,3,31,33.10683578
16000,63005,90908,HomeImp,Other,,0,0,295.1152504,0,20,29.01487651
27600,150120,191972,HomeImp,Self,3,0,0,178.0384911,1,16,41.80742805
12200,67474,88473,DebtCon,Other,2,0,0,234.7759967,3,26,29.09729879
10800,32870,61572,DebtCon,Mgr,,,,,,,38.49024696
18300,55584,95236,,ProfExe,10,0,0,,1,15,24.59063319
7000,64255,68389,HomeImp,Other,4,0,0,80.15243091,2,19,40.56186054
14200,83231,99400,HomeImp,ProfExe,6,0,0,130.1675148,1,26,27.17296471
32200,118793,171024,DebtCon,ProfExe,16,0,0,119.6034777,1,16,29.01132772
15300,84989,98781,HomeImp,Office,,0,0,184.5457457,0,25,43.0169776
28400,36484,73478,DebtCon,Mgr,13,1,0,100.9750908,6,16,34.76399378
19300,99714,126965,HomeImp,Mgr,0,0,1,301.753574,1,20,43.29094169
20600,32439,55024,DebtCon,Other,0,,,302.7839495,,24,35.38837972
19000,43074,75700,,,,,,,,,
19500,51333,77732,,,,,,,,,37.39831656
7000,56636,76353,HomeImp,Other,15,0,0,229.3,1,36,
11100,48031,107561,DebtCon,ProfExe,5,0,1,226.7811051,0,9,24.19032663
19000,107199,132723,DebtCon,ProfExe,7,0,0,91.37193169,0,13,31.44261162
25600,,147598,,,,,,,,,14.46198733
35200,234682,37079,DebtCon,Mgr,2,0,1,216.6666372,2,50,40.41005141
7300,55456,86766,HomeImp,ProfExe,6,0,0,240.0567715,2,23,31.7246985
65200,71061,141666,HomeImp,Office,10,0,1,134.6809067,0,11,43.56886383
4400,53969,63869,DebtCon,ProfExe,7,0,3,162.3900107,0,30,23.58107924
19200,54483,81690,DebtCon,Other,16,0,0,198.7025164,0,21,37.74942653
